,month_slot,level_1,domain,lessons_visited,user_id,month_slot_dt
498,Jul-2018,15,s,0,21156,2018-07-01
504,Jul-2018,21,m,1,21164,2018-07-01
505,Jul-2018,22,m,1,21165,2018-07-01
506,Jul-2018,23,m,1,21166,2018-07-01
507,Jul-2018,24,m,1,21167,2018-07-01
508,Jul-2018,25,m,1,21168,2018-07-01
509,Jul-2018,26,m,1,21171,2018-07-01
510,Jul-2018,27,e,0,21172,2018-07-01
503,Jul-2018,20,m,1,21163,2018-07-01
512,Jul-2018,29,m,1,21173,2018-07-01
514,Jul-2018,31,m,1,21177,2018-07-01
515,Jul-2018,32,e,0,21182,2018-07-01
516,Jul-2018,33,m,0,21182,2018-07-01
517,Jul-2018,34,s,1,21182,2018-07-01
518,Jul-2018,35,e,0,22303,2018-07-01
519,Jul-2018,36,m,2,22304,2018-07-01
520,Jul-2018,37,s,1,22309,2018-07-01
513,Jul-2018,30,m,1,21174,2018-07-01
521,Jul-2018,38,s,2,28302,2018-07-01
502,Jul-2018,19,m,1,21161,2018-07-01
500,Jul-2018,17,m,1,21159,2018-07-01
483,Jul-2018,0,e,0,4232,2018-07-01
484,Jul-2018,1,e,0,4233,2018-07-01
485,Jul-2018,2,m,1,5288,2018-07-01
486,Jul-2018,3,m,0,5301,2018-07-01
487,Jul-2018,4,e,0,21148,2018-07-01
488,Jul-2018,5,m,1,21148,2018-07-01
489,Jul-2018,6,e,0,21149,2018-07-01
501,Jul-2018,18,m,1,21160,2018-07-01
490,Jul-2018,7,m,1,21149,2018-07-01
492,Jul-2018,9,m,1,21150,2018-07-01
493,Jul-2018,10,m,1,21151,2018-07-01
494,Jul-2018,11,m,1,21152,2018-07-01
495,Jul-2018,12,m,1,21153,2018-07-01
496,Jul-2018,13,m,1,21155,2018-07-01
497,Jul-2018,14,m,1,21156,2018-07-01
499,Jul-2018,16,m,1,21158,2018-07-01
491,Jul-2018,8,s,1,21149,2018-07-01
522,Jul-2018,39,e,0,30523,2018-07-01
511,Jul-2018,28,m,0,21172,2018-07-01
524,Jul-2018,41,s,2,30524,2018-07-01
545,Jul-2018,62,s,2,30540,2018-07-01
546,Jul-2018,63,s,2,30596,2018-07-01
547,Jul-2018,64,e,0,1259953,2018-07-01
548,Jul-2018,65,m,0,1259953,2018-07-01
549,Jul-2018,66,s,0,1259953,2018-07-01
550,Jul-2018,67,e,0,1259993,2018-07-01
551,Jul-2018,68,e,0,1260002,2018-07-01
544,Jul-2018,61,e,0,30540,2018-07-01
523,Jul-2018,40,s,2,30523,2018-07-01
554,Jul-2018,71,s,1,1260076,2018-07-01
555,Jul-2018,72,e,0,1260189,2018-07-01
556,Jul-2018,73,m,1,1260189,2018-07-01
557,Jul-2018,74,s,4,1260189,2018-07-01
558,Jul-2018,75,e,0,1260193,2018-07-01
559,Jul-2018,76,m,1,1260193,2018-07-01
560,Jul-2018,77,s,4,1260193,2018-07-01
553,Jul-2018,70,s,1,1260002,2018-07-01
543,Jul-2018,60,s,2,30539,2018-07-01
552,Jul-2018,69,m,0,1260002,2018-07-01
541,Jul-2018,58,e,0,30536,2018-07-01
542,Jul-2018,59,s,2,30536,2018-07-01
525,Jul-2018,42,e,0,30525,2018-07-01
526,Jul-2018,43,s,1,30525,2018-07-01
527,Jul-2018,44,e,0,30526,2018-07-01
528,Jul-2018,45,s,2,30526,2018-07-01
529,Jul-2018,46,s,2,30527,2018-07-01
531,Jul-2018,48,s,2,30528,2018-07-01
532,Jul-2018,49,s,2,30530,2018-07-01
533,Jul-2018,50,s,2,30531,2018-07-01
530,Jul-2018,47,e,0,30528,2018-07-01
534,Jul-2018,51,e,0,30532,2018-07-01
535,Jul-2018,52,m,0,30532,2018-07-01
536,Jul-2018,53,s,3,30532,2018-07-01
537,Jul-2018,54,s,2,30533,2018-07-01
538,Jul-2018,55,s,2,30534,2018-07-01
539,Jul-2018,56,e,0,30535,2018-07-01
540,Jul-2018,57,s,2,30535,2018-07-01
347,Aug-2018,347,m,1,23266,2018-08-01
348,Aug-2018,348,m,1,23267,2018-08-01
349,Aug-2018,349,m,1,23268,2018-08-01
350,Aug-2018,350,m,1,23269,2018-08-01
352,Aug-2018,352,m,1,23272,2018-08-01
353,Aug-2018,353,m,1,23273,2018-08-01
354,Aug-2018,354,m,1,23274,2018-08-01
346,Aug-2018,346,m,1,23264,2018-08-01
351,Aug-2018,351,m,1,23271,2018-08-01
345,Aug-2018,345,m,1,23263,2018-08-01
336,Aug-2018,336,m,1,23253,2018-08-01
343,Aug-2018,343,m,1,23261,2018-08-01
342,Aug-2018,342,m,1,23260,2018-08-01
341,Aug-2018,341,m,1,23259,2018-08-01
340,Aug-2018,340,m,1,23258,2018-08-01
339,Aug-2018,339,m,1,23257,2018-08-01
338,Aug-2018,338,m,1,23255,2018-08-01
337,Aug-2018,337,m,1,23254,2018-08-01
335,Aug-2018,335,m,1,23252,2018-08-01
355,Aug-2018,355,m,1,23275,2018-08-01
334,Aug-2018,334,m,1,23251,2018-08-01
344,Aug-2018,344,m,1,23262,2018-08-01
356,Aug-2018,356,m,1,23276,2018-08-01
0,Aug-2018,0,e,3,2400,2018-08-01
358,Aug-2018,358,m,1,23280,2018-08-01
333,Aug-2018,333,m,1,23249,2018-08-01
379,Aug-2018,379,e,2,28371,2018-08-01
378,Aug-2018,378,s,0,28370,2018-08-01
377,Aug-2018,377,e,0,28370,2018-08-01
376,Aug-2018,376,s,1,28369,2018-08-01
375,Aug-2018,375,e,2,28369,2018-08-01
374,Aug-2018,374,s,1,28368,2018-08-01
373,Aug-2018,373,e,0,28368,2018-08-01
372,Aug-2018,372,s,1,28367,2018-08-01
371,Aug-2018,371,e,2,28367,2018-08-01
357,Aug-2018,357,m,1,23279,2018-08-01
370,Aug-2018,370,s,1,28366,2018-08-01
368,Aug-2018,368,s,0,28363,2018-08-01
367,Aug-2018,367,s,3,28302,2018-08-01
366,Aug-2018,366,m,1,28301,2018-08-01
365,Aug-2018,365,e,0,28301,2018-08-01
364,Aug-2018,364,m,1,23288,2018-08-01
363,Aug-2018,363,m,1,23287,2018-08-01
362,Aug-2018,362,m,1,23286,2018-08-01
361,Aug-2018,361,m,1,23283,2018-08-01
360,Aug-2018,360,m,1,23282,2018-08-01
359,Aug-2018,359,m,1,23281,2018-08-01
369,Aug-2018,369,e,2,28366,2018-08-01
332,Aug-2018,332,m,1,23248,2018-08-01
292,Aug-2018,292,s,1,21179,2018-08-01
330,Aug-2018,330,m,1,23246,2018-08-01
303,Aug-2018,303,e,0,22283,2018-08-01
302,Aug-2018,302,e,0,22281,2018-08-01
301,Aug-2018,301,e,0,22280,2018-08-01
300,Aug-2018,300,e,0,22279,2018-08-01
299,Aug-2018,299,e,0,22277,2018-08-01
298,Aug-2018,298,e,0,22276,2018-08-01
297,Aug-2018,297,e,0,22275,2018-08-01
296,Aug-2018,296,s,0,22272,2018-08-01
295,Aug-2018,295,e,0,22270,2018-08-01
294,Aug-2018,294,e,0,22268,2018-08-01
293,Aug-2018,293,e,0,22267,2018-08-01
380,Aug-2018,380,s,1,28371,2018-08-01
291,Aug-2018,291,e,0,21179,2018-08-01
290,Aug-2018,290,s,1,21177,2018-08-01
289,Aug-2018,289,m,0,21177,2018-08-01
288,Aug-2018,288,e,0,21177,2018-08-01
287,Aug-2018,287,s,1,21174,2018-08-01
286,Aug-2018,286,m,0,21174,2018-08-01
285,Aug-2018,285,e,0,21174,2018-08-01
284,Aug-2018,284,s,1,21173,2018-08-01
283,Aug-2018,283,m,0,21173,2018-08-01
304,Aug-2018,304,e,0,22284,2018-08-01
305,Aug-2018,305,e,0,22285,2018-08-01
306,Aug-2018,306,e,0,22286,2018-08-01
307,Aug-2018,307,e,0,22287,2018-08-01
329,Aug-2018,329,m,1,23245,2018-08-01
328,Aug-2018,328,s,0,22309,2018-08-01
327,Aug-2018,327,e,0,22307,2018-08-01
326,Aug-2018,326,m,2,22304,2018-08-01
325,Aug-2018,325,e,0,22304,2018-08-01
324,Aug-2018,324,s,0,22303,2018-08-01
323,Aug-2018,323,e,0,22303,2018-08-01
322,Aug-2018,322,e,0,22301,2018-08-01
321,Aug-2018,321,e,0,22300,2018-08-01
320,Aug-2018,320,e,0,22299,2018-08-01
331,Aug-2018,331,m,1,23247,2018-08-01
319,Aug-2018,319,e,0,22298,2018-08-01
317,Aug-2018,317,e,1,22297,2018-08-01
316,Aug-2018,316,e,0,22296,2018-08-01
315,Aug-2018,315,e,1,22295,2018-08-01
314,Aug-2018,314,s,0,22294,2018-08-01
313,Aug-2018,313,e,0,22294,2018-08-01
312,Aug-2018,312,s,0,22293,2018-08-01
311,Aug-2018,311,e,0,22293,2018-08-01
310,Aug-2018,310,e,0,22289,2018-08-01
309,Aug-2018,309,e,0,22288,2018-08-01
308,Aug-2018,308,s,0,22287,2018-08-01
318,Aug-2018,318,m,0,22297,2018-08-01
381,Aug-2018,381,e,0,28372,2018-08-01
422,Aug-2018,422,s,4,30532,2018-08-01
383,Aug-2018,383,e,2,28373,2018-08-01
456,Aug-2018,456,s,0,31672,2018-08-01
455,Aug-2018,455,s,1,31671,2018-08-01
454,Aug-2018,454,s,1,31669,2018-08-01
453,Aug-2018,453,e,0,31669,2018-08-01
452,Aug-2018,452,s,1,31668,2018-08-01
451,Aug-2018,451,s,1,31667,2018-08-01
450,Aug-2018,450,s,1,31666,2018-08-01
449,Aug-2018,449,s,1,31665,2018-08-01
448,Aug-2018,448,s,1,31664,2018-08-01
447,Aug-2018,447,s,1,31660,2018-08-01
446,Aug-2018,446,s,1,31652,2018-08-01
445,Aug-2018,445,s,1,31648,2018-08-01
444,Aug-2018,444,s,1,31647,2018-08-01
443,Aug-2018,443,s,1,31646,2018-08-01
442,Aug-2018,442,s,1,31645,2018-08-01
441,Aug-2018,441,e,2,31452,2018-08-01
440,Aug-2018,440,s,9,31451,2018-08-01
439,Aug-2018,439,m,1,30540,2018-08-01
438,Aug-2018,438,e,0,30540,2018-08-01
437,Aug-2018,437,s,3,30539,2018-08-01
436,Aug-2018,436,m,2,30539,2018-08-01
457,Aug-2018,457,s,0,31673,2018-08-01
458,Aug-2018,458,s,1,31674,2018-08-01
459,Aug-2018,459,s,1,31675,2018-08-01
460,Aug-2018,460,s,1,31676,2018-08-01
482,Aug-2018,482,s,4,1260193,2018-08-01
481,Aug-2018,481,m,1,1260193,2018-08-01
480,Aug-2018,480,e,0,1260193,2018-08-01
479,Aug-2018,479,s,4,1260189,2018-08-01
478,Aug-2018,478,m,1,1260189,2018-08-01
477,Aug-2018,477,e,0,1260189,2018-08-01
476,Aug-2018,476,s,1,1260076,2018-08-01
475,Aug-2018,475,s,1,1260002,2018-08-01
474,Aug-2018,474,m,0,1260002,2018-08-01
473,Aug-2018,473,e,0,1260002,2018-08-01
435,Aug-2018,435,e,1,30539,2018-08-01
472,Aug-2018,472,e,0,1259993,2018-08-01
470,Aug-2018,470,m,0,1259953,2018-08-01
469,Aug-2018,469,e,0,1259953,2018-08-01
468,Aug-2018,468,s,1,32009,2018-08-01
467,Aug-2018,467,m,1,31713,2018-08-01
466,Aug-2018,466,m,1,31712,2018-08-01
465,Aug-2018,465,s,1,31681,2018-08-01
464,Aug-2018,464,s,1,31680,2018-08-01
463,Aug-2018,463,s,1,31679,2018-08-01
462,Aug-2018,462,s,1,31678,2018-08-01
461,Aug-2018,461,s,1,31677,2018-08-01
471,Aug-2018,471,s,0,1259953,2018-08-01
382,Aug-2018,382,s,1,28372,2018-08-01
434,Aug-2018,434,s,3,30536,2018-08-01
432,Aug-2018,432,e,1,30536,2018-08-01
405,Aug-2018,405,s,3,30526,2018-08-01
404,Aug-2018,404,m,2,30526,2018-08-01
403,Aug-2018,403,e,1,30526,2018-08-01
402,Aug-2018,402,s,2,30525,2018-08-01
401,Aug-2018,401,m,0,30525,2018-08-01
400,Aug-2018,400,e,0,30525,2018-08-01
399,Aug-2018,399,e,1,30524,2018-08-01
398,Aug-2018,398,s,3,30523,2018-08-01
397,Aug-2018,397,m,2,30523,2018-08-01
396,Aug-2018,396,e,1,30523,2018-08-01
394,Aug-2018,394,m,2,29780,2018-08-01
393,Aug-2018,393,e,0,29779,2018-08-01
392,Aug-2018,392,s,2,29778,2018-08-01
391,Aug-2018,391,e,2,28382,2018-08-01
390,Aug-2018,390,s,1,28380,2018-08-01
389,Aug-2018,389,e,2,28380,2018-08-01
388,Aug-2018,388,s,1,28378,2018-08-01
387,Aug-2018,387,e,0,28378,2018-08-01
386,Aug-2018,386,e,2,28375,2018-08-01
385,Aug-2018,385,s,1,28374,2018-08-01
384,Aug-2018,384,s,1,28373,2018-08-01
406,Aug-2018,406,e,1,30527,2018-08-01
407,Aug-2018,407,m,2,30527,2018-08-01
408,Aug-2018,408,s,2,30527,2018-08-01
409,Aug-2018,409,e,0,30528,2018-08-01
431,Aug-2018,431,s,3,30535,2018-08-01
430,Aug-2018,430,m,2,30535,2018-08-01
429,Aug-2018,429,e,1,30535,2018-08-01
428,Aug-2018,428,s,3,30534,2018-08-01
427,Aug-2018,427,m,2,30534,2018-08-01
426,Aug-2018,426,e,1,30534,2018-08-01
425,Aug-2018,425,s,3,30533,2018-08-01
424,Aug-2018,424,m,2,30533,2018-08-01
423,Aug-2018,423,e,1,30533,2018-08-01
282,Aug-2018,282,e,0,21173,2018-08-01
433,Aug-2018,433,m,2,30536,2018-08-01
421,Aug-2018,421,m,2,30532,2018-08-01
419,Aug-2018,419,s,3,30531,2018-08-01
418,Aug-2018,418,m,2,30531,2018-08-01
417,Aug-2018,417,e,1,30531,2018-08-01
416,Aug-2018,416,s,3,30530,2018-08-01
415,Aug-2018,415,m,1,30530,2018-08-01
414,Aug-2018,414,e,0,30530,2018-08-01
413,Aug-2018,413,s,2,30529,2018-08-01
412,Aug-2018,412,m,2,30529,2018-08-01
411,Aug-2018,411,e,0,30529,2018-08-01
410,Aug-2018,410,m,1,30528,2018-08-01
420,Aug-2018,420,e,1,30532,2018-08-01
281,Aug-2018,281,s,1,21171,2018-08-01
395,Aug-2018,395,e,0,30125,2018-08-01
279,Aug-2018,279,e,0,21171,2018-08-01
102,Aug-2018,102,m,1,3265,2018-08-01
101,Aug-2018,101,m,1,3264,2018-08-01
100,Aug-2018,100,m,1,3263,2018-08-01
99,Aug-2018,99,m,1,3261,2018-08-01
98,Aug-2018,98,m,1,3260,2018-08-01
97,Aug-2018,97,m,1,3259,2018-08-01
96,Aug-2018,96,m,1,3258,2018-08-01
95,Aug-2018,95,m,1,3257,2018-08-01
94,Aug-2018,94,m,1,3256,2018-08-01
93,Aug-2018,93,m,1,3255,2018-08-01
92,Aug-2018,92,m,1,3254,2018-08-01
91,Aug-2018,91,m,0,3253,2018-08-01
90,Aug-2018,90,m,1,3252,2018-08-01
89,Aug-2018,89,m,1,3251,2018-08-01
88,Aug-2018,88,s,0,3235,2018-08-01
87,Aug-2018,87,m,2,3192,2018-08-01
86,Aug-2018,86,m,2,3190,2018-08-01
72,Aug-2018,72,m,2,3178,2018-08-01
73,Aug-2018,73,m,2,3179,2018-08-01
74,Aug-2018,74,m,2,3180,2018-08-01
75,Aug-2018,75,m,2,3181,2018-08-01
76,Aug-2018,76,s,0,3181,2018-08-01
77,Aug-2018,77,m,2,3183,2018-08-01
103,Aug-2018,103,m,1,3266,2018-08-01
78,Aug-2018,78,m,2,3184,2018-08-01
80,Aug-2018,80,s,0,3185,2018-08-01
81,Aug-2018,81,m,2,3186,2018-08-01
82,Aug-2018,82,m,2,3187,2018-08-01
83,Aug-2018,83,m,2,3188,2018-08-01
84,Aug-2018,84,m,2,3189,2018-08-01
85,Aug-2018,85,s,0,3189,2018-08-01
79,Aug-2018,79,m,2,3185,2018-08-01
71,Aug-2018,71,m,2,3177,2018-08-01
104,Aug-2018,104,m,1,3268,2018-08-01
106,Aug-2018,106,m,1,3270,2018-08-01
137,Aug-2018,137,m,1,5280,2018-08-01
136,Aug-2018,136,m,1,5279,2018-08-01
135,Aug-2018,135,m,1,5278,2018-08-01
134,Aug-2018,134,m,1,5277,2018-08-01
133,Aug-2018,133,m,1,5275,2018-08-01
132,Aug-2018,132,m,1,5274,2018-08-01
131,Aug-2018,131,m,1,5273,2018-08-01
130,Aug-2018,130,m,1,5272,2018-08-01
129,Aug-2018,129,m,1,5271,2018-08-01
128,Aug-2018,128,m,1,5270,2018-08-01
127,Aug-2018,127,m,1,5269,2018-08-01
126,Aug-2018,126,m,1,5267,2018-08-01
125,Aug-2018,125,s,0,3437,2018-08-01
124,Aug-2018,124,m,1,3292,2018-08-01
123,Aug-2018,123,m,1,3291,2018-08-01
122,Aug-2018,122,m,1,3289,2018-08-01
121,Aug-2018,121,m,1,3288,2018-08-01
107,Aug-2018,107,m,1,3272,2018-08-01
108,Aug-2018,108,m,1,3273,2018-08-01
109,Aug-2018,109,m,1,3274,2018-08-01
110,Aug-2018,110,m,1,3275,2018-08-01
111,Aug-2018,111,m,1,3276,2018-08-01
112,Aug-2018,112,m,1,3277,2018-08-01
105,Aug-2018,105,m,1,3269,2018-08-01
113,Aug-2018,113,m,1,3279,2018-08-01
115,Aug-2018,115,m,1,3281,2018-08-01
116,Aug-2018,116,m,1,3283,2018-08-01
117,Aug-2018,117,m,1,3284,2018-08-01
118,Aug-2018,118,m,1,3285,2018-08-01
119,Aug-2018,119,m,1,3286,2018-08-01
120,Aug-2018,120,m,1,3287,2018-08-01
114,Aug-2018,114,m,1,3280,2018-08-01
70,Aug-2018,70,s,0,3176,2018-08-01
69,Aug-2018,69,m,2,3175,2018-08-01
68,Aug-2018,68,m,2,3174,2018-08-01
31,Aug-2018,31,m,3,2418,2018-08-01
30,Aug-2018,30,e,1,2418,2018-08-01
29,Aug-2018,29,m,3,2416,2018-08-01
28,Aug-2018,28,e,1,2416,2018-08-01
27,Aug-2018,27,m,2,2415,2018-08-01
280,Aug-2018,280,m,0,21171,2018-08-01
25,Aug-2018,25,m,2,2413,2018-08-01
24,Aug-2018,24,e,1,2413,2018-08-01
23,Aug-2018,23,m,1,2412,2018-08-01
22,Aug-2018,22,e,3,2412,2018-08-01
21,Aug-2018,21,m,3,2411,2018-08-01
20,Aug-2018,20,e,2,2411,2018-08-01
19,Aug-2018,19,m,3,2410,2018-08-01
18,Aug-2018,18,e,2,2410,2018-08-01
17,Aug-2018,17,m,6,2409,2018-08-01
16,Aug-2018,16,e,1,2409,2018-08-01
15,Aug-2018,15,m,5,2408,2018-08-01
1,Aug-2018,1,m,3,2400,2018-08-01
2,Aug-2018,2,e,1,2401,2018-08-01
3,Aug-2018,3,m,3,2401,2018-08-01
4,Aug-2018,4,e,1,2402,2018-08-01
5,Aug-2018,5,m,3,2402,2018-08-01
6,Aug-2018,6,e,1,2403,2018-08-01
32,Aug-2018,32,e,1,2419,2018-08-01
7,Aug-2018,7,m,3,2403,2018-08-01
9,Aug-2018,9,m,2,2404,2018-08-01
10,Aug-2018,10,e,0,2406,2018-08-01
11,Aug-2018,11,m,3,2406,2018-08-01
12,Aug-2018,12,e,0,2407,2018-08-01
13,Aug-2018,13,m,3,2407,2018-08-01
14,Aug-2018,14,e,0,2408,2018-08-01
8,Aug-2018,8,e,0,2404,2018-08-01
33,Aug-2018,33,m,3,2419,2018-08-01
34,Aug-2018,34,e,1,2420,2018-08-01
35,Aug-2018,35,m,3,2420,2018-08-01
54,Aug-2018,54,m,2,3160,2018-08-01
55,Aug-2018,55,m,2,3161,2018-08-01
56,Aug-2018,56,m,2,3162,2018-08-01
57,Aug-2018,57,m,2,3163,2018-08-01
58,Aug-2018,58,m,2,3164,2018-08-01
59,Aug-2018,59,m,2,3165,2018-08-01
53,Aug-2018,53,m,2,3159,2018-08-01
60,Aug-2018,60,m,2,3166,2018-08-01
62,Aug-2018,62,m,2,3168,2018-08-01
63,Aug-2018,63,m,2,3169,2018-08-01
64,Aug-2018,64,m,2,3170,2018-08-01
65,Aug-2018,65,m,2,3171,2018-08-01
66,Aug-2018,66,m,2,3172,2018-08-01
67,Aug-2018,67,m,2,3173,2018-08-01
61,Aug-2018,61,m,2,3167,2018-08-01
138,Aug-2018,138,m,1,5281,2018-08-01
52,Aug-2018,52,m,2,3158,2018-08-01
50,Aug-2018,50,m,2,3155,2018-08-01
36,Aug-2018,36,e,1,2422,2018-08-01
37,Aug-2018,37,m,3,2422,2018-08-01
38,Aug-2018,38,e,1,2424,2018-08-01
39,Aug-2018,39,m,2,2424,2018-08-01
40,Aug-2018,40,e,2,2425,2018-08-01
41,Aug-2018,41,m,3,2425,2018-08-01
51,Aug-2018,51,m,2,3157,2018-08-01
42,Aug-2018,42,e,1,2426,2018-08-01
44,Aug-2018,44,e,1,2427,2018-08-01
45,Aug-2018,45,m,3,2427,2018-08-01
46,Aug-2018,46,m,2,3151,2018-08-01
47,Aug-2018,47,m,2,3152,2018-08-01
48,Aug-2018,48,m,2,3153,2018-08-01
49,Aug-2018,49,m,2,3154,2018-08-01
43,Aug-2018,43,m,3,2426,2018-08-01
139,Aug-2018,139,m,1,5282,2018-08-01
26,Aug-2018,26,e,1,2415,2018-08-01
141,Aug-2018,141,m,1,5285,2018-08-01
242,Aug-2018,242,e,0,21153,2018-08-01
241,Aug-2018,241,m,0,21152,2018-08-01
240,Aug-2018,240,e,0,21152,2018-08-01
239,Aug-2018,239,s,1,21151,2018-08-01
238,Aug-2018,238,m,0,21151,2018-08-01
237,Aug-2018,237,e,0,21151,2018-08-01
236,Aug-2018,236,s,1,21150,2018-08-01
235,Aug-2018,235,m,0,21150,2018-08-01
234,Aug-2018,234,e,0,21150,2018-08-01
233,Aug-2018,233,s,1,21149,2018-08-01
232,Aug-2018,232,m,0,21149,2018-08-01
231,Aug-2018,231,e,0,21149,2018-08-01
230,Aug-2018,230,s,1,21148,2018-08-01
229,Aug-2018,229,m,0,21148,2018-08-01
228,Aug-2018,228,e,0,21148,2018-08-01
227,Aug-2018,227,m,1,18062,2018-08-01
226,Aug-2018,226,e,0,18062,2018-08-01
212,Aug-2018,212,m,1,18052,2018-08-01
213,Aug-2018,213,m,2,18053,2018-08-01
214,Aug-2018,214,e,0,18054,2018-08-01
215,Aug-2018,215,m,1,18054,2018-08-01
216,Aug-2018,216,e,0,18055,2018-08-01
217,Aug-2018,217,m,1,18055,2018-08-01
243,Aug-2018,243,m,0,21153,2018-08-01
218,Aug-2018,218,e,0,18056,2018-08-01
220,Aug-2018,220,e,0,18058,2018-08-01
221,Aug-2018,221,m,1,18058,2018-08-01
222,Aug-2018,222,e,0,18059,2018-08-01
223,Aug-2018,223,m,1,18059,2018-08-01
224,Aug-2018,224,e,0,18060,2018-08-01
225,Aug-2018,225,m,1,18060,2018-08-01
219,Aug-2018,219,m,1,18056,2018-08-01
244,Aug-2018,244,s,1,21153,2018-08-01
245,Aug-2018,245,e,0,21154,2018-08-01
246,Aug-2018,246,m,0,21154,2018-08-01
265,Aug-2018,265,m,0,21163,2018-08-01
267,Aug-2018,267,e,0,21164,2018-08-01
268,Aug-2018,268,m,0,21164,2018-08-01
269,Aug-2018,269,s,1,21164,2018-08-01
270,Aug-2018,270,e,0,21165,2018-08-01
271,Aug-2018,271,m,0,21165,2018-08-01
264,Aug-2018,264,e,0,21163,2018-08-01
272,Aug-2018,272,s,1,21165,2018-08-01
274,Aug-2018,274,m,0,21166,2018-08-01
275,Aug-2018,275,s,1,21166,2018-08-01
276,Aug-2018,276,e,0,21167,2018-08-01
277,Aug-2018,277,s,1,21167,2018-08-01
278,Aug-2018,278,s,1,21168,2018-08-01
140,Aug-2018,140,m,1,5283,2018-08-01
273,Aug-2018,273,e,0,21166,2018-08-01
211,Aug-2018,211,e,0,18052,2018-08-01
263,Aug-2018,263,e,0,21162,2018-08-01
261,Aug-2018,261,e,0,21161,2018-08-01
247,Aug-2018,247,s,1,21154,2018-08-01
248,Aug-2018,248,s,1,21155,2018-08-01
249,Aug-2018,249,e,0,21156,2018-08-01
250,Aug-2018,250,m,0,21156,2018-08-01
251,Aug-2018,251,s,2,21156,2018-08-01
252,Aug-2018,252,e,0,21158,2018-08-01
262,Aug-2018,262,s,1,21161,2018-08-01
253,Aug-2018,253,m,0,21158,2018-08-01
255,Aug-2018,255,e,0,21159,2018-08-01
256,Aug-2018,256,m,0,21159,2018-08-01
257,Aug-2018,257,s,0,21159,2018-08-01
258,Aug-2018,258,e,0,21160,2018-08-01
259,Aug-2018,259,m,0,21160,2018-08-01
260,Aug-2018,260,s,1,21160,2018-08-01
254,Aug-2018,254,s,1,21158,2018-08-01
210,Aug-2018,210,m,1,18051,2018-08-01
266,Aug-2018,266,s,2,21163,2018-08-01
208,Aug-2018,208,e,0,18049,2018-08-01
172,Aug-2018,172,e,0,8411,2018-08-01
171,Aug-2018,171,e,0,8408,2018-08-01
170,Aug-2018,170,e,0,8407,2018-08-01
169,Aug-2018,169,e,0,8405,2018-08-01
168,Aug-2018,168,e,0,8404,2018-08-01
167,Aug-2018,167,s,1,7355,2018-08-01
166,Aug-2018,166,m,1,7355,2018-08-01
165,Aug-2018,165,e,0,7355,2018-08-01
164,Aug-2018,164,s,0,7301,2018-08-01
163,Aug-2018,163,m,0,7301,2018-08-01
162,Aug-2018,162,e,10,7301,2018-08-01
161,Aug-2018,161,m,1,5349,2018-08-01
160,Aug-2018,160,m,1,5348,2018-08-01
159,Aug-2018,159,m,1,5337,2018-08-01
158,Aug-2018,158,m,2,5335,2018-08-01
157,Aug-2018,157,m,2,5334,2018-08-01
156,Aug-2018,156,m,1,5332,2018-08-01
142,Aug-2018,142,m,1,5286,2018-08-01
209,Aug-2018,209,e,0,18051,2018-08-01
143,Aug-2018,143,s,0,5288,2018-08-01
144,Aug-2018,144,m,1,5297,2018-08-01
145,Aug-2018,145,m,1,5299,2018-08-01
146,Aug-2018,146,m,2,5315,2018-08-01
173,Aug-2018,173,e,0,8413,2018-08-01
147,Aug-2018,147,m,2,5317,2018-08-01
150,Aug-2018,150,m,2,5321,2018-08-01
151,Aug-2018,151,m,2,5322,2018-08-01
152,Aug-2018,152,m,2,5323,2018-08-01
153,Aug-2018,153,m,2,5326,2018-08-01
154,Aug-2018,154,m,2,5327,2018-08-01
155,Aug-2018,155,m,1,5331,2018-08-01
148,Aug-2018,148,m,2,5319,2018-08-01
174,Aug-2018,174,e,0,8416,2018-08-01
149,Aug-2018,149,m,2,5320,2018-08-01
176,Aug-2018,176,e,0,8422,2018-08-01
194,Aug-2018,194,m,3,18029,2018-08-01
195,Aug-2018,195,e,0,18040,2018-08-01
196,Aug-2018,196,m,1,18040,2018-08-01
197,Aug-2018,197,e,0,18042,2018-08-01
198,Aug-2018,198,m,1,18042,2018-08-01
199,Aug-2018,199,e,0,18043,2018-08-01
193,Aug-2018,193,e,0,18022,2018-08-01
200,Aug-2018,200,m,1,18043,2018-08-01
203,Aug-2018,203,e,0,18046,2018-08-01
204,Aug-2018,204,m,1,18046,2018-08-01
205,Aug-2018,205,m,1,18047,2018-08-01
207,Aug-2018,207,m,1,18048,2018-08-01
175,Aug-2018,175,e,0,8419,2018-08-01
206,Aug-2018,206,e,0,18048,2018-08-01
201,Aug-2018,201,e,0,18044,2018-08-01
192,Aug-2018,192,m,2,17995,2018-08-01
202,Aug-2018,202,m,1,18045,2018-08-01
190,Aug-2018,190,e,1,8446,2018-08-01
177,Aug-2018,177,e,0,8424,2018-08-01
178,Aug-2018,178,e,0,8427,2018-08-01
191,Aug-2018,191,e,0,8447,2018-08-01
180,Aug-2018,180,e,1,8431,2018-08-01
181,Aug-2018,181,e,1,8433,2018-08-01
182,Aug-2018,182,e,1,8435,2018-08-01
183,Aug-2018,183,e,1,8436,2018-08-01
179,Aug-2018,179,e,0,8430,2018-08-01
184,Aug-2018,184,e,1,8437,2018-08-01
185,Aug-2018,185,e,1,8438,2018-08-01
186,Aug-2018,186,e,0,8441,2018-08-01
187,Aug-2018,187,e,0,8442,2018-08-01
189,Aug-2018,189,e,0,8444,2018-08-01
188,Aug-2018,188,e,1,8443,2018-08-01
1082,Sep-2018,60,e,2,3188,2018-09-01
1097,Sep-2018,75,m,2,3292,2018-09-01
1098,Sep-2018,76,m,3,4101,2018-09-01
1099,Sep-2018,77,m,2,4102,2018-09-01
1100,Sep-2018,78,m,2,4104,2018-09-01
1103,Sep-2018,81,m,4,4106,2018-09-01
1102,Sep-2018,80,m,0,4105,2018-09-01
1096,Sep-2018,74,m,2,3265,2018-09-01
1104,Sep-2018,82,s,0,4106,2018-09-01
1105,Sep-2018,83,m,4,4107,2018-09-01
1101,Sep-2018,79,e,0,4105,2018-09-01
1095,Sep-2018,73,m,2,3264,2018-09-01
1093,Sep-2018,71,m,2,3259,2018-09-01
1094,Sep-2018,72,m,2,3260,2018-09-01
1084,Sep-2018,62,s,4,3189,2018-09-01
1092,Sep-2018,70,m,4,3239,2018-09-01
1091,Sep-2018,69,e,0,3238,2018-09-01
1090,Sep-2018,68,s,1,3237,2018-09-01
1089,Sep-2018,67,s,0,3193,2018-09-01
1088,Sep-2018,66,e,2,3193,2018-09-01
1087,Sep-2018,65,e,3,3191,2018-09-01
1086,Sep-2018,64,s,0,3190,2018-09-01
1085,Sep-2018,63,e,0,3190,2018-09-01
1106,Sep-2018,84,m,3,4108,2018-09-01
1083,Sep-2018,61,e,0,3189,2018-09-01
1107,Sep-2018,85,m,3,4109,2018-09-01
1122,Sep-2018,100,s,0,4124,2018-09-01
1109,Sep-2018,87,m,4,4111,2018-09-01
1135,Sep-2018,113,m,5,4146,2018-09-01
1134,Sep-2018,112,m,2,4140,2018-09-01
1081,Sep-2018,59,e,3,3187,2018-09-01
1133,Sep-2018,111,m,2,4139,2018-09-01
1132,Sep-2018,110,m,1,4138,2018-09-01
1131,Sep-2018,109,m,3,4135,2018-09-01
1130,Sep-2018,108,m,1,4134,2018-09-01
1129,Sep-2018,107,m,2,4133,2018-09-01
1128,Sep-2018,106,m,7,4132,2018-09-01
1127,Sep-2018,105,m,6,4131,2018-09-01
1126,Sep-2018,104,m,2,4130,2018-09-01
1125,Sep-2018,103,m,3,4129,2018-09-01
1108,Sep-2018,86,m,2,4110,2018-09-01
1124,Sep-2018,102,m,9,4128,2018-09-01
1121,Sep-2018,99,m,1,4124,2018-09-01
1120,Sep-2018,98,m,2,4123,2018-09-01
1119,Sep-2018,97,m,5,4122,2018-09-01
1118,Sep-2018,96,m,4,4121,2018-09-01
1117,Sep-2018,95,m,4,4119,2018-09-01
1116,Sep-2018,94,e,0,4119,2018-09-01
1115,Sep-2018,93,m,2,4118,2018-09-01
1114,Sep-2018,92,m,4,4117,2018-09-01
1113,Sep-2018,91,m,2,4116,2018-09-01
1112,Sep-2018,90,m,3,4115,2018-09-01
1111,Sep-2018,89,m,4,4114,2018-09-01
1110,Sep-2018,88,m,3,4113,2018-09-01
1123,Sep-2018,101,m,4,4125,2018-09-01
1080,Sep-2018,58,s,3,3185,2018-09-01
1047,Sep-2018,25,s,2,3131,2018-09-01
1078,Sep-2018,56,s,0,3184,2018-09-01
1048,Sep-2018,26,s,13,3132,2018-09-01
1046,Sep-2018,24,s,8,3130,2018-09-01
1045,Sep-2018,23,s,9,3129,2018-09-01
1044,Sep-2018,22,s,5,3128,2018-09-01
1043,Sep-2018,21,s,5,3126,2018-09-01
1042,Sep-2018,20,s,9,3125,2018-09-01
1041,Sep-2018,19,s,11,3123,2018-09-01
1040,Sep-2018,18,s,13,3122,2018-09-01
1039,Sep-2018,17,s,8,3121,2018-09-01
1038,Sep-2018,16,s,5,3120,2018-09-01
1037,Sep-2018,15,s,0,3118,2018-09-01
1036,Sep-2018,14,s,11,3117,2018-09-01
1035,Sep-2018,13,s,7,3115,2018-09-01
1034,Sep-2018,12,s,6,3114,2018-09-01
1033,Sep-2018,11,s,1,3113,2018-09-01
1032,Sep-2018,10,s,7,3112,2018-09-01
1031,Sep-2018,9,s,3,3111,2018-09-01
1030,Sep-2018,8,s,11,3110,2018-09-01
1029,Sep-2018,7,m,0,3110,2018-09-01
1028,Sep-2018,6,s,10,3109,2018-09-01
1027,Sep-2018,5,s,9,3106,2018-09-01
1026,Sep-2018,4,s,1,3105,2018-09-01
1025,Sep-2018,3,s,8,3104,2018-09-01
1136,Sep-2018,114,m,5,7360,2018-09-01
1024,Sep-2018,2,s,20,3103,2018-09-01
1049,Sep-2018,27,s,7,3133,2018-09-01
1079,Sep-2018,57,e,3,3185,2018-09-01
1050,Sep-2018,28,s,0,3137,2018-09-01
1052,Sep-2018,30,e,0,3150,2018-09-01
1077,Sep-2018,55,e,1,3184,2018-09-01
1076,Sep-2018,54,e,3,3182,2018-09-01
1075,Sep-2018,53,e,0,3180,2018-09-01
1074,Sep-2018,52,e,2,3178,2018-09-01
1073,Sep-2018,51,e,3,3177,2018-09-01
1072,Sep-2018,50,e,2,3176,2018-09-01
1071,Sep-2018,49,e,0,3174,2018-09-01
1070,Sep-2018,48,e,2,3173,2018-09-01
1069,Sep-2018,47,e,5,3170,2018-09-01
1068,Sep-2018,46,e,1,3166,2018-09-01
1067,Sep-2018,45,e,1,3165,2018-09-01
1066,Sep-2018,44,s,0,3163,2018-09-01
1065,Sep-2018,43,e,6,3163,2018-09-01
1064,Sep-2018,42,e,2,3162,2018-09-01
1063,Sep-2018,41,s,0,3161,2018-09-01
1062,Sep-2018,40,e,3,3161,2018-09-01
1061,Sep-2018,39,e,7,3160,2018-09-01
1060,Sep-2018,38,e,1,3159,2018-09-01
1059,Sep-2018,37,e,1,3158,2018-09-01
1058,Sep-2018,36,e,9,3157,2018-09-01
1057,Sep-2018,35,e,9,3155,2018-09-01
1056,Sep-2018,34,e,4,3154,2018-09-01
1055,Sep-2018,33,e,0,3153,2018-09-01
1054,Sep-2018,32,e,7,3152,2018-09-01
1053,Sep-2018,31,e,7,3151,2018-09-01
1051,Sep-2018,29,e,0,3147,2018-09-01
1137,Sep-2018,115,s,2,23248,2018-09-01
1206,Sep-2018,184,m,1,31713,2018-09-01
1139,Sep-2018,117,s,2,23253,2018-09-01
1223,Sep-2018,201,e,0,31880,2018-09-01
1222,Sep-2018,200,e,0,31872,2018-09-01
1221,Sep-2018,199,e,0,31869,2018-09-01
1220,Sep-2018,198,e,0,31837,2018-09-01
1219,Sep-2018,197,e,0,31797,2018-09-01
1218,Sep-2018,196,e,0,31795,2018-09-01
1217,Sep-2018,195,e,0,31783,2018-09-01
1216,Sep-2018,194,e,0,31777,2018-09-01
1215,Sep-2018,193,e,0,31769,2018-09-01
1214,Sep-2018,192,e,0,31763,2018-09-01
1213,Sep-2018,191,e,0,31748,2018-09-01
1212,Sep-2018,190,e,0,31729,2018-09-01
1211,Sep-2018,189,s,0,31722,2018-09-01
1210,Sep-2018,188,e,0,31722,2018-09-01
1209,Sep-2018,187,s,0,31716,2018-09-01
1208,Sep-2018,186,s,0,31715,2018-09-01
1207,Sep-2018,185,s,0,31714,2018-09-01
1205,Sep-2018,183,m,1,31712,2018-09-01
1204,Sep-2018,182,e,0,31712,2018-09-01
1203,Sep-2018,181,s,0,31699,2018-09-01
1202,Sep-2018,180,e,0,31699,2018-09-01
1201,Sep-2018,179,s,0,31691,2018-09-01
1200,Sep-2018,178,e,0,31691,2018-09-01
1199,Sep-2018,177,s,0,31685,2018-09-01
1198,Sep-2018,176,e,0,31685,2018-09-01
1224,Sep-2018,202,e,0,31898,2018-09-01
1197,Sep-2018,175,e,0,31682,2018-09-01
1225,Sep-2018,203,e,0,31903,2018-09-01
1227,Sep-2018,205,e,0,31909,2018-09-01
1023,Sep-2018,1,s,7,3102,2018-09-01
1251,Sep-2018,229,e,0,32439,2018-09-01
1250,Sep-2018,228,e,0,32438,2018-09-01
1249,Sep-2018,227,e,0,32432,2018-09-01
1248,Sep-2018,226,e,0,32419,2018-09-01
1247,Sep-2018,225,e,0,32417,2018-09-01
1246,Sep-2018,224,e,0,32375,2018-09-01
1245,Sep-2018,223,e,0,32357,2018-09-01
1244,Sep-2018,222,e,0,32347,2018-09-01
1243,Sep-2018,221,e,0,32324,2018-09-01
1242,Sep-2018,220,e,0,32288,2018-09-01
1241,Sep-2018,219,e,0,32285,2018-09-01
1240,Sep-2018,218,e,0,32234,2018-09-01
1239,Sep-2018,217,e,0,32231,2018-09-01
1238,Sep-2018,216,e,0,32214,2018-09-01
1237,Sep-2018,215,e,0,32199,2018-09-01
1236,Sep-2018,214,e,0,32114,2018-09-01
1235,Sep-2018,213,e,0,32108,2018-09-01
1234,Sep-2018,212,e,0,32096,2018-09-01
1233,Sep-2018,211,e,0,32069,2018-09-01
1232,Sep-2018,210,e,0,32056,2018-09-01
1231,Sep-2018,209,e,0,32013,2018-09-01
1230,Sep-2018,208,e,0,32006,2018-09-01
1229,Sep-2018,207,e,0,31976,2018-09-01
1228,Sep-2018,206,e,0,31917,2018-09-01
1226,Sep-2018,204,e,0,31907,2018-09-01
1138,Sep-2018,116,s,2,23251,2018-09-01
1196,Sep-2018,174,s,1,31681,2018-09-01
1194,Sep-2018,172,s,1,31679,2018-09-01
1164,Sep-2018,142,m,2,30532,2018-09-01
1163,Sep-2018,141,s,3,30531,2018-09-01
1162,Sep-2018,140,s,4,30530,2018-09-01
1161,Sep-2018,139,e,1,30530,2018-09-01
1160,Sep-2018,138,s,2,30528,2018-09-01
1159,Sep-2018,137,e,2,30528,2018-09-01
1158,Sep-2018,136,s,3,30526,2018-09-01
1157,Sep-2018,135,e,1,30526,2018-09-01
1156,Sep-2018,134,s,0,30525,2018-09-01
1155,Sep-2018,133,m,0,30525,2018-09-01
1154,Sep-2018,132,s,3,23286,2018-09-01
1153,Sep-2018,131,s,3,23283,2018-09-01
1152,Sep-2018,130,s,3,23282,2018-09-01
1151,Sep-2018,129,s,2,23281,2018-09-01
1150,Sep-2018,128,s,2,23280,2018-09-01
1149,Sep-2018,127,s,2,23276,2018-09-01
1148,Sep-2018,126,s,3,23275,2018-09-01
1147,Sep-2018,125,s,2,23273,2018-09-01
1146,Sep-2018,124,s,2,23272,2018-09-01
1145,Sep-2018,123,s,2,23271,2018-09-01
1144,Sep-2018,122,s,2,23268,2018-09-01
1143,Sep-2018,121,s,3,23267,2018-09-01
1142,Sep-2018,120,s,2,23266,2018-09-01
1141,Sep-2018,119,s,2,23257,2018-09-01
1140,Sep-2018,118,s,2,23255,2018-09-01
1165,Sep-2018,143,s,8,30532,2018-09-01
1195,Sep-2018,173,s,1,31680,2018-09-01
1166,Sep-2018,144,s,6,30533,2018-09-01
1168,Sep-2018,146,s,4,30534,2018-09-01
1193,Sep-2018,171,s,1,31677,2018-09-01
1192,Sep-2018,170,e,0,31662,2018-09-01
1191,Sep-2018,169,e,0,31660,2018-09-01
1190,Sep-2018,168,e,0,31659,2018-09-01
1189,Sep-2018,167,e,0,31652,2018-09-01
1188,Sep-2018,166,e,0,31649,2018-09-01
1187,Sep-2018,165,s,1,31648,2018-09-01
1186,Sep-2018,164,e,0,31648,2018-09-01
1185,Sep-2018,163,s,0,31645,2018-09-01
1184,Sep-2018,162,e,0,31639,2018-09-01
1183,Sep-2018,161,e,0,31613,2018-09-01
1182,Sep-2018,160,e,0,31589,2018-09-01
1181,Sep-2018,159,e,0,31568,2018-09-01
1180,Sep-2018,158,e,0,31547,2018-09-01
1179,Sep-2018,157,e,0,31509,2018-09-01
1178,Sep-2018,156,s,1,30540,2018-09-01
1177,Sep-2018,155,m,1,30540,2018-09-01
1176,Sep-2018,154,e,0,30540,2018-09-01
1175,Sep-2018,153,s,1,30539,2018-09-01
1174,Sep-2018,152,m,5,30539,2018-09-01
1173,Sep-2018,151,s,3,30536,2018-09-01
1172,Sep-2018,150,m,6,30536,2018-09-01
1171,Sep-2018,149,s,7,30535,2018-09-01
1170,Sep-2018,148,m,0,30535,2018-09-01
1169,Sep-2018,147,e,0,30535,2018-09-01
1167,Sep-2018,145,e,2,30534,2018-09-01
1022,Sep-2018,0,s,6,3101,2018-09-01
1253,Sep-2018,231,m,0,1260013,2018-09-01
1252,Sep-2018,230,e,0,32474,2018-09-01
792,Oct-2018,63,m,1,8433,2018-10-01
991,Oct-2018,262,m,0,31651,2018-10-01
990,Oct-2018,261,m,0,31650,2018-10-01
989,Oct-2018,260,m,0,31649,2018-10-01
988,Oct-2018,259,m,0,31648,2018-10-01
987,Oct-2018,258,m,0,31647,2018-10-01
986,Oct-2018,257,m,0,31646,2018-10-01
985,Oct-2018,256,m,0,31645,2018-10-01
984,Oct-2018,255,m,2,31607,2018-10-01
983,Oct-2018,254,e,0,31607,2018-10-01
982,Oct-2018,253,m,2,31465,2018-10-01
981,Oct-2018,252,e,0,31457,2018-10-01
980,Oct-2018,251,e,1,31451,2018-10-01
979,Oct-2018,250,e,0,31382,2018-10-01
978,Oct-2018,249,s,3,30539,2018-10-01
992,Oct-2018,263,m,0,31652,2018-10-01
993,Oct-2018,264,m,0,31653,2018-10-01
994,Oct-2018,265,m,0,31654,2018-10-01
995,Oct-2018,266,m,0,31655,2018-10-01
1009,Oct-2018,280,m,2,31681,2018-10-01
1008,Oct-2018,279,e,0,31681,2018-10-01
1007,Oct-2018,278,m,2,31677,2018-10-01
1006,Oct-2018,277,e,0,31677,2018-10-01
1005,Oct-2018,276,m,1,31676,2018-10-01
1004,Oct-2018,275,m,2,31674,2018-10-01
977,Oct-2018,248,m,2,30539,2018-10-01
1003,Oct-2018,274,e,0,31674,2018-10-01
1001,Oct-2018,272,m,2,31665,2018-10-01
1000,Oct-2018,271,m,0,31663,2018-10-01
999,Oct-2018,270,m,0,31661,2018-10-01
998,Oct-2018,269,m,0,31660,2018-10-01
997,Oct-2018,268,m,0,31658,2018-10-01
996,Oct-2018,267,m,0,31657,2018-10-01
1002,Oct-2018,273,e,0,31666,2018-10-01
976,Oct-2018,247,e,5,30539,2018-10-01
975,Oct-2018,246,s,5,30536,2018-10-01
974,Oct-2018,245,m,2,30536,2018-10-01
954,Oct-2018,225,m,2,30526,2018-10-01
953,Oct-2018,224,e,8,30526,2018-10-01
952,Oct-2018,223,s,1,30525,2018-10-01
951,Oct-2018,222,e,1,30525,2018-10-01
950,Oct-2018,221,s,2,30524,2018-10-01
949,Oct-2018,220,m,0,30524,2018-10-01
955,Oct-2018,226,s,2,30526,2018-10-01
948,Oct-2018,219,e,3,30524,2018-10-01
946,Oct-2018,217,e,3,30523,2018-10-01
945,Oct-2018,216,e,1,30488,2018-10-01
944,Oct-2018,215,s,2,28380,2018-10-01
943,Oct-2018,214,s,2,28378,2018-10-01
942,Oct-2018,213,m,3,28375,2018-10-01
941,Oct-2018,212,e,4,28375,2018-10-01
947,Oct-2018,218,m,2,30523,2018-10-01
956,Oct-2018,227,e,2,30527,2018-10-01
957,Oct-2018,228,e,7,30528,2018-10-01
958,Oct-2018,229,m,1,30528,2018-10-01
973,Oct-2018,244,e,7,30536,2018-10-01
972,Oct-2018,243,s,4,30535,2018-10-01
971,Oct-2018,242,m,2,30535,2018-10-01
970,Oct-2018,241,e,5,30535,2018-10-01
969,Oct-2018,240,s,11,30534,2018-10-01
968,Oct-2018,239,e,4,30534,2018-10-01
967,Oct-2018,238,s,5,30533,2018-10-01
966,Oct-2018,237,e,7,30533,2018-10-01
965,Oct-2018,236,e,5,30532,2018-10-01
964,Oct-2018,235,s,5,30531,2018-10-01
963,Oct-2018,234,m,2,30531,2018-10-01
962,Oct-2018,233,e,5,30531,2018-10-01
961,Oct-2018,232,e,3,30530,2018-10-01
960,Oct-2018,231,s,2,30529,2018-10-01
959,Oct-2018,230,s,5,30528,2018-10-01
1010,Oct-2018,281,m,2,31682,2018-10-01
1011,Oct-2018,282,m,0,31685,2018-10-01
1012,Oct-2018,283,e,0,31711,2018-10-01
1013,Oct-2018,284,m,2,31711,2018-10-01
748,Oct-2018,19,m,5,2413,2018-10-01
749,Oct-2018,20,m,2,2415,2018-10-01
750,Oct-2018,21,m,3,2416,2018-10-01
751,Oct-2018,22,s,4,2416,2018-10-01
752,Oct-2018,23,m,3,2418,2018-10-01
753,Oct-2018,24,s,4,2418,2018-10-01
747,Oct-2018,18,s,4,2412,2018-10-01
754,Oct-2018,25,m,4,2419,2018-10-01
756,Oct-2018,27,m,3,2420,2018-10-01
757,Oct-2018,28,s,5,2420,2018-10-01
758,Oct-2018,29,m,3,2422,2018-10-01
759,Oct-2018,30,s,3,2422,2018-10-01
760,Oct-2018,31,m,4,2424,2018-10-01
761,Oct-2018,32,m,5,2425,2018-10-01
755,Oct-2018,26,s,4,2419,2018-10-01
746,Oct-2018,17,m,1,2412,2018-10-01
745,Oct-2018,16,s,5,2411,2018-10-01
744,Oct-2018,15,m,3,2411,2018-10-01
729,Oct-2018,0,m,3,2400,2018-10-01
730,Oct-2018,1,s,4,2400,2018-10-01
731,Oct-2018,2,m,4,2401,2018-10-01
732,Oct-2018,3,s,3,2401,2018-10-01
733,Oct-2018,4,m,4,2402,2018-10-01
734,Oct-2018,5,s,5,2402,2018-10-01
735,Oct-2018,6,m,4,2403,2018-10-01
736,Oct-2018,7,s,5,2403,2018-10-01
737,Oct-2018,8,m,3,2406,2018-10-01
738,Oct-2018,9,m,3,2407,2018-10-01
739,Oct-2018,10,s,3,2407,2018-10-01
740,Oct-2018,11,m,8,2409,2018-10-01
741,Oct-2018,12,s,4,2409,2018-10-01
742,Oct-2018,13,m,3,2410,2018-10-01
743,Oct-2018,14,s,5,2410,2018-10-01
762,Oct-2018,33,s,3,2425,2018-10-01
940,Oct-2018,211,s,2,28374,2018-10-01
763,Oct-2018,34,m,3,2426,2018-10-01
765,Oct-2018,36,e,0,4232,2018-10-01
785,Oct-2018,56,e,0,8424,2018-10-01
786,Oct-2018,57,e,2,8427,2018-10-01
787,Oct-2018,58,e,0,8430,2018-10-01
788,Oct-2018,59,m,0,8430,2018-10-01
789,Oct-2018,60,e,3,8431,2018-10-01
791,Oct-2018,62,e,4,8433,2018-10-01
784,Oct-2018,55,m,0,8422,2018-10-01
1021,Oct-2018,292,m,0,1260013,2018-10-01
1019,Oct-2018,290,m,0,31733,2018-10-01
1018,Oct-2018,289,m,2,31722,2018-10-01
1017,Oct-2018,288,m,0,31718,2018-10-01
1016,Oct-2018,287,m,0,31716,2018-10-01
1015,Oct-2018,286,e,0,31715,2018-10-01
1014,Oct-2018,285,e,0,31714,2018-10-01
1020,Oct-2018,291,m,0,31735,2018-10-01
783,Oct-2018,54,e,0,8422,2018-10-01
782,Oct-2018,53,m,0,8419,2018-10-01
781,Oct-2018,52,e,0,8419,2018-10-01
766,Oct-2018,37,m,1,4232,2018-10-01
767,Oct-2018,38,e,0,4233,2018-10-01
768,Oct-2018,39,m,1,4233,2018-10-01
769,Oct-2018,40,s,1,4243,2018-10-01
770,Oct-2018,41,e,0,4244,2018-10-01
771,Oct-2018,42,m,1,4254,2018-10-01
772,Oct-2018,43,e,3,8404,2018-10-01
773,Oct-2018,44,e,2,8405,2018-10-01
774,Oct-2018,45,e,2,8407,2018-10-01
775,Oct-2018,46,e,2,8408,2018-10-01
776,Oct-2018,47,m,0,8408,2018-10-01
777,Oct-2018,48,e,0,8411,2018-10-01
778,Oct-2018,49,e,2,8413,2018-10-01
779,Oct-2018,50,e,2,8416,2018-10-01
780,Oct-2018,51,m,0,8418,2018-10-01
764,Oct-2018,35,s,5,2426,2018-10-01
939,Oct-2018,210,m,2,28374,2018-10-01
790,Oct-2018,61,m,0,8431,2018-10-01
937,Oct-2018,208,s,2,28373,2018-10-01
843,Oct-2018,114,e,4,18009,2018-10-01
842,Oct-2018,113,s,0,18008,2018-10-01
841,Oct-2018,112,e,2,18008,2018-10-01
840,Oct-2018,111,e,4,18007,2018-10-01
839,Oct-2018,110,s,0,18005,2018-10-01
838,Oct-2018,109,e,6,18005,2018-10-01
844,Oct-2018,115,e,1,18010,2018-10-01
837,Oct-2018,108,s,0,18004,2018-10-01
835,Oct-2018,106,s,0,18003,2018-10-01
834,Oct-2018,105,e,1,18003,2018-10-01
833,Oct-2018,104,s,0,18002,2018-10-01
832,Oct-2018,103,e,1,18002,2018-10-01
831,Oct-2018,102,s,0,18001,2018-10-01
830,Oct-2018,101,e,2,18001,2018-10-01
836,Oct-2018,107,e,2,18004,2018-10-01
845,Oct-2018,116,s,0,18010,2018-10-01
846,Oct-2018,117,e,4,18011,2018-10-01
847,Oct-2018,118,s,0,18011,2018-10-01
862,Oct-2018,133,e,2,18043,2018-10-01
861,Oct-2018,132,e,2,18042,2018-10-01
860,Oct-2018,131,e,6,18041,2018-10-01
859,Oct-2018,130,e,2,18040,2018-10-01
858,Oct-2018,129,m,0,18029,2018-10-01
857,Oct-2018,128,s,0,18019,2018-10-01
856,Oct-2018,127,e,6,18019,2018-10-01
855,Oct-2018,126,s,0,18017,2018-10-01
854,Oct-2018,125,e,1,18017,2018-10-01
853,Oct-2018,124,s,0,18015,2018-10-01
852,Oct-2018,123,e,2,18015,2018-10-01
851,Oct-2018,122,s,0,18014,2018-10-01
850,Oct-2018,121,e,1,18014,2018-10-01
849,Oct-2018,120,s,0,18013,2018-10-01
848,Oct-2018,119,e,1,18013,2018-10-01
829,Oct-2018,100,e,1,18000,2018-10-01
863,Oct-2018,134,e,10,18044,2018-10-01
828,Oct-2018,99,s,0,17999,2018-10-01
826,Oct-2018,97,s,0,17998,2018-10-01
805,Oct-2018,76,e,3,8444,2018-10-01
804,Oct-2018,75,m,0,8443,2018-10-01
803,Oct-2018,74,e,3,8443,2018-10-01
802,Oct-2018,73,e,3,8442,2018-10-01
801,Oct-2018,72,e,3,8441,2018-10-01
800,Oct-2018,71,m,0,8440,2018-10-01
806,Oct-2018,77,e,3,8446,2018-10-01
799,Oct-2018,70,m,0,8438,2018-10-01
797,Oct-2018,68,e,2,8437,2018-10-01
796,Oct-2018,67,m,2,8436,2018-10-01
795,Oct-2018,66,e,3,8436,2018-10-01
794,Oct-2018,65,m,1,8435,2018-10-01
938,Oct-2018,209,e,1,28374,2018-10-01
793,Oct-2018,64,e,4,8435,2018-10-01
798,Oct-2018,69,m,2,8437,2018-10-01
807,Oct-2018,78,m,0,8446,2018-10-01
808,Oct-2018,79,e,2,8447,2018-10-01
809,Oct-2018,80,m,0,8447,2018-10-01
825,Oct-2018,96,e,1,17998,2018-10-01
823,Oct-2018,94,s,0,17996,2018-10-01
822,Oct-2018,93,e,2,17996,2018-10-01
821,Oct-2018,92,s,0,17995,2018-10-01
820,Oct-2018,91,e,0,17995,2018-10-01
819,Oct-2018,90,m,2,12788,2018-10-01
818,Oct-2018,89,m,2,12786,2018-10-01
817,Oct-2018,88,m,2,12782,2018-10-01
816,Oct-2018,87,m,2,12780,2018-10-01
815,Oct-2018,86,m,2,12778,2018-10-01
814,Oct-2018,85,m,2,12777,2018-10-01
813,Oct-2018,84,m,2,12775,2018-10-01
812,Oct-2018,83,m,2,12773,2018-10-01
811,Oct-2018,82,m,2,12772,2018-10-01
810,Oct-2018,81,m,1,12770,2018-10-01
827,Oct-2018,98,e,4,17999,2018-10-01
864,Oct-2018,135,e,1,18045,2018-10-01
824,Oct-2018,95,s,0,17997,2018-10-01
866,Oct-2018,137,e,4,18047,2018-10-01
917,Oct-2018,188,e,0,21179,2018-10-01
916,Oct-2018,187,e,1,21177,2018-10-01
915,Oct-2018,186,m,1,21174,2018-10-01
914,Oct-2018,185,e,2,21174,2018-10-01
913,Oct-2018,184,m,1,21173,2018-10-01
912,Oct-2018,183,e,1,21173,2018-10-01
918,Oct-2018,189,m,0,21179,2018-10-01
911,Oct-2018,182,m,1,21171,2018-10-01
909,Oct-2018,180,m,1,21167,2018-10-01
908,Oct-2018,179,e,3,21167,2018-10-01
907,Oct-2018,178,m,1,21166,2018-10-01
906,Oct-2018,177,m,1,21165,2018-10-01
905,Oct-2018,176,e,3,21165,2018-10-01
904,Oct-2018,175,m,1,21164,2018-10-01
910,Oct-2018,181,e,3,21171,2018-10-01
919,Oct-2018,190,e,3,28366,2018-10-01
921,Oct-2018,192,s,2,28366,2018-10-01
922,Oct-2018,193,e,3,28367,2018-10-01
936,Oct-2018,207,e,8,28373,2018-10-01
935,Oct-2018,206,s,2,28372,2018-10-01
865,Oct-2018,136,e,1,18046,2018-10-01
934,Oct-2018,205,m,2,28372,2018-10-01
933,Oct-2018,204,e,8,28372,2018-10-01
932,Oct-2018,203,s,2,28371,2018-10-01
931,Oct-2018,202,m,2,28371,2018-10-01
930,Oct-2018,201,s,1,28370,2018-10-01
929,Oct-2018,200,s,2,28369,2018-10-01
928,Oct-2018,199,m,3,28369,2018-10-01
927,Oct-2018,198,s,2,28368,2018-10-01
926,Oct-2018,197,m,2,28368,2018-10-01
925,Oct-2018,196,e,3,28368,2018-10-01
924,Oct-2018,195,s,2,28367,2018-10-01
923,Oct-2018,194,m,1,28367,2018-10-01
903,Oct-2018,174,e,4,21164,2018-10-01
902,Oct-2018,173,m,1,21163,2018-10-01
920,Oct-2018,191,m,1,28366,2018-10-01
900,Oct-2018,171,m,1,21161,2018-10-01
881,Oct-2018,152,e,1,21148,2018-10-01
880,Oct-2018,151,e,3,18064,2018-10-01
879,Oct-2018,150,e,4,18062,2018-10-01
878,Oct-2018,149,e,8,18060,2018-10-01
877,Oct-2018,148,e,2,18059,2018-10-01
875,Oct-2018,146,e,2,18056,2018-10-01
874,Oct-2018,145,e,2,18055,2018-10-01
873,Oct-2018,144,e,3,18054,2018-10-01
872,Oct-2018,143,e,7,18053,2018-10-01
871,Oct-2018,142,e,1,18052,2018-10-01
870,Oct-2018,141,e,4,18051,2018-10-01
901,Oct-2018,172,e,3,21163,2018-10-01
869,Oct-2018,140,e,6,18050,2018-10-01
868,Oct-2018,139,e,4,18049,2018-10-01
867,Oct-2018,138,e,1,18048,2018-10-01
882,Oct-2018,153,m,1,21148,2018-10-01
883,Oct-2018,154,e,1,21149,2018-10-01
876,Oct-2018,147,e,4,18058,2018-10-01
884,Oct-2018,155,m,1,21149,2018-10-01
898,Oct-2018,169,m,1,21160,2018-10-01
897,Oct-2018,168,e,2,21160,2018-10-01
899,Oct-2018,170,e,3,21161,2018-10-01
896,Oct-2018,167,m,1,21159,2018-10-01
895,Oct-2018,166,e,2,21159,2018-10-01
893,Oct-2018,164,e,3,21156,2018-10-01
892,Oct-2018,163,m,1,21153,2018-10-01
894,Oct-2018,165,m,1,21156,2018-10-01
890,Oct-2018,161,m,1,21152,2018-10-01
889,Oct-2018,160,e,1,21152,2018-10-01
888,Oct-2018,159,m,1,21151,2018-10-01
887,Oct-2018,158,e,1,21151,2018-10-01
886,Oct-2018,157,m,1,21150,2018-10-01
885,Oct-2018,156,e,4,21150,2018-10-01
891,Oct-2018,162,e,2,21153,2018-10-01
619,Nov-2018,58,s,0,18062,2018-11-01
615,Nov-2018,54,s,0,18058,2018-11-01
618,Nov-2018,57,e,1,18062,2018-11-01
617,Nov-2018,56,s,0,18059,2018-11-01
616,Nov-2018,55,e,3,18059,2018-11-01
604,Nov-2018,43,s,0,18049,2018-11-01
614,Nov-2018,53,s,0,18056,2018-11-01
608,Nov-2018,47,s,0,18053,2018-11-01
612,Nov-2018,51,s,0,18055,2018-11-01
611,Nov-2018,50,e,2,18055,2018-11-01
610,Nov-2018,49,s,0,18054,2018-11-01
609,Nov-2018,48,e,2,18054,2018-11-01
605,Nov-2018,44,e,8,18050,2018-11-01
607,Nov-2018,46,e,8,18053,2018-11-01
606,Nov-2018,45,s,0,18051,2018-11-01
620,Nov-2018,59,s,0,18063,2018-11-01
613,Nov-2018,52,e,2,18056,2018-11-01
621,Nov-2018,60,e,3,18064,2018-11-01
637,Nov-2018,76,m,1,21153,2018-11-01
623,Nov-2018,62,e,1,21148,2018-11-01
641,Nov-2018,80,s,4,21156,2018-11-01
603,Nov-2018,42,e,6,18049,2018-11-01
640,Nov-2018,79,m,1,21156,2018-11-01
639,Nov-2018,78,e,3,21156,2018-11-01
638,Nov-2018,77,s,3,21153,2018-11-01
636,Nov-2018,75,e,2,21153,2018-11-01
635,Nov-2018,74,s,3,21152,2018-11-01
634,Nov-2018,73,m,1,21152,2018-11-01
633,Nov-2018,72,e,1,21152,2018-11-01
632,Nov-2018,71,m,1,21151,2018-11-01
631,Nov-2018,70,e,1,21151,2018-11-01
630,Nov-2018,69,s,3,21150,2018-11-01
629,Nov-2018,68,m,1,21150,2018-11-01
628,Nov-2018,67,e,4,21150,2018-11-01
627,Nov-2018,66,s,3,21149,2018-11-01
625,Nov-2018,64,e,1,21149,2018-11-01
624,Nov-2018,63,m,1,21148,2018-11-01
622,Nov-2018,61,s,0,18064,2018-11-01
602,Nov-2018,41,s,0,18048,2018-11-01
567,Nov-2018,6,m,2,2409,2018-11-01
600,Nov-2018,39,s,0,18047,2018-11-01
577,Nov-2018,16,m,2,2425,2018-11-01
576,Nov-2018,15,m,1,2420,2018-11-01
575,Nov-2018,14,m,1,2419,2018-11-01
574,Nov-2018,13,m,1,2418,2018-11-01
573,Nov-2018,12,m,1,2416,2018-11-01
572,Nov-2018,11,m,0,2415,2018-11-01
571,Nov-2018,10,m,2,2413,2018-11-01
570,Nov-2018,9,m,1,2412,2018-11-01
569,Nov-2018,8,m,1,2411,2018-11-01
568,Nov-2018,7,m,1,2410,2018-11-01
566,Nov-2018,5,m,1,2407,2018-11-01
565,Nov-2018,4,m,1,2403,2018-11-01
564,Nov-2018,3,m,1,2402,2018-11-01
563,Nov-2018,2,m,2,2401,2018-11-01
562,Nov-2018,1,m,1,2400,2018-11-01
561,Nov-2018,0,s,0,115,2018-11-01
642,Nov-2018,81,e,2,21159,2018-11-01
578,Nov-2018,17,m,3,2426,2018-11-01
579,Nov-2018,18,s,0,18000,2018-11-01
580,Nov-2018,19,s,0,18004,2018-11-01
581,Nov-2018,20,s,0,18005,2018-11-01
599,Nov-2018,38,s,0,18046,2018-11-01
598,Nov-2018,37,e,4,18046,2018-11-01
597,Nov-2018,36,s,0,18045,2018-11-01
596,Nov-2018,35,e,1,18045,2018-11-01
595,Nov-2018,34,e,3,18044,2018-11-01
594,Nov-2018,33,s,0,18043,2018-11-01
593,Nov-2018,32,e,3,18043,2018-11-01
592,Nov-2018,31,s,0,18042,2018-11-01
601,Nov-2018,40,e,4,18048,2018-11-01
591,Nov-2018,30,e,3,18042,2018-11-01
589,Nov-2018,28,e,6,18041,2018-11-01
588,Nov-2018,27,s,0,18040,2018-11-01
587,Nov-2018,26,e,3,18040,2018-11-01
586,Nov-2018,25,s,0,18019,2018-11-01
585,Nov-2018,24,s,0,18013,2018-11-01
584,Nov-2018,23,s,0,18010,2018-11-01
583,Nov-2018,22,s,0,18009,2018-11-01
582,Nov-2018,21,s,0,18006,2018-11-01
590,Nov-2018,29,s,0,18041,2018-11-01
643,Nov-2018,82,m,1,21159,2018-11-01
716,Nov-2018,155,e,7,30534,2018-11-01
645,Nov-2018,84,m,1,21160,2018-11-01
705,Nov-2018,144,m,0,30529,2018-11-01
704,Nov-2018,143,e,0,30529,2018-11-01
703,Nov-2018,142,s,6,30528,2018-11-01
702,Nov-2018,141,e,1,30528,2018-11-01
701,Nov-2018,140,s,1,30527,2018-11-01
700,Nov-2018,139,m,0,30527,2018-11-01
699,Nov-2018,138,e,2,30527,2018-11-01
698,Nov-2018,137,s,10,30526,2018-11-01
697,Nov-2018,136,e,0,30526,2018-11-01
696,Nov-2018,135,m,0,30525,2018-11-01
695,Nov-2018,134,e,1,30525,2018-11-01
694,Nov-2018,133,s,2,30523,2018-11-01
693,Nov-2018,132,e,4,30523,2018-11-01
692,Nov-2018,131,s,2,30505,2018-11-01
691,Nov-2018,130,e,0,30505,2018-11-01
690,Nov-2018,129,e,0,22304,2018-11-01
689,Nov-2018,128,e,0,22301,2018-11-01
706,Nov-2018,145,s,2,30529,2018-11-01
707,Nov-2018,146,e,6,30530,2018-11-01
708,Nov-2018,147,s,12,30530,2018-11-01
709,Nov-2018,148,e,8,30531,2018-11-01
728,Nov-2018,167,m,0,1260013,2018-11-01
727,Nov-2018,166,s,1,30560,2018-11-01
726,Nov-2018,165,m,0,30560,2018-11-01
725,Nov-2018,164,e,0,30560,2018-11-01
724,Nov-2018,163,s,3,30539,2018-11-01
723,Nov-2018,162,e,0,30539,2018-11-01
722,Nov-2018,161,s,0,30536,2018-11-01
721,Nov-2018,160,e,7,30536,2018-11-01
688,Nov-2018,127,s,0,22300,2018-11-01
720,Nov-2018,159,s,7,30535,2018-11-01
718,Nov-2018,157,e,6,30535,2018-11-01
717,Nov-2018,156,s,13,30534,2018-11-01
715,Nov-2018,154,s,0,30533,2018-11-01
714,Nov-2018,153,e,0,30533,2018-11-01
713,Nov-2018,152,s,3,30532,2018-11-01
712,Nov-2018,151,m,0,30532,2018-11-01
711,Nov-2018,150,e,5,30532,2018-11-01
710,Nov-2018,149,s,17,30531,2018-11-01
719,Nov-2018,158,m,1,30535,2018-11-01
644,Nov-2018,83,e,2,21160,2018-11-01
687,Nov-2018,126,e,0,22299,2018-11-01
685,Nov-2018,124,s,0,22296,2018-11-01
662,Nov-2018,101,e,1,21173,2018-11-01
661,Nov-2018,100,s,3,21171,2018-11-01
660,Nov-2018,99,e,3,21171,2018-11-01
659,Nov-2018,98,s,4,21167,2018-11-01
658,Nov-2018,97,m,1,21167,2018-11-01
657,Nov-2018,96,e,3,21167,2018-11-01
656,Nov-2018,95,s,3,21165,2018-11-01
655,Nov-2018,94,m,1,21165,2018-11-01
654,Nov-2018,93,e,3,21165,2018-11-01
653,Nov-2018,92,s,3,21164,2018-11-01
652,Nov-2018,91,m,1,21164,2018-11-01
651,Nov-2018,90,e,4,21164,2018-11-01
650,Nov-2018,89,s,3,21163,2018-11-01
649,Nov-2018,88,e,3,21163,2018-11-01
648,Nov-2018,87,m,1,21161,2018-11-01
647,Nov-2018,86,e,3,21161,2018-11-01
646,Nov-2018,85,s,4,21160,2018-11-01
663,Nov-2018,102,m,1,21173,2018-11-01
664,Nov-2018,103,s,3,21173,2018-11-01
665,Nov-2018,104,e,2,21174,2018-11-01
666,Nov-2018,105,m,1,21174,2018-11-01
684,Nov-2018,123,e,0,22296,2018-11-01
683,Nov-2018,122,s,0,22295,2018-11-01
682,Nov-2018,121,e,0,22294,2018-11-01
681,Nov-2018,120,e,0,22293,2018-11-01
680,Nov-2018,119,e,0,22288,2018-11-01
679,Nov-2018,118,s,0,22287,2018-11-01
678,Nov-2018,117,e,0,22287,2018-11-01
677,Nov-2018,116,e,0,22284,2018-11-01
686,Nov-2018,125,s,0,22297,2018-11-01
676,Nov-2018,115,e,0,22283,2018-11-01
674,Nov-2018,113,e,0,22280,2018-11-01
673,Nov-2018,112,e,0,22279,2018-11-01
672,Nov-2018,111,e,0,22276,2018-11-01
671,Nov-2018,110,s,3,21179,2018-11-01
670,Nov-2018,109,m,0,21179,2018-11-01
669,Nov-2018,108,e,0,21179,2018-11-01
668,Nov-2018,107,m,1,21177,2018-11-01
667,Nov-2018,106,s,3,21174,2018-11-01
675,Nov-2018,114,s,0,22280,2018-11-01
626,Nov-2018,65,m,1,21149,2018-11-01
