,school_server_code,level_1,domain,duration_weeks,teacher_uids,event
0,1011001-ct1,0,English,13,"11100112,11100132,35100130,35100120,35100110",1
1,1011001-ct1,1,Math,9,"11100112,11100132,35100130,35100120,35100110",1
2,1011001-ct1,2,Science,15,"11100112,11100132,35100130,35100120,35100110",1
3,1011003-ct3,0,Math,5,"23100310,23100312,23100332,35100314,35100334,35100320",1
4,1011003-ct3,1,Science,1,"23100310,23100312,23100332,35100314,35100334,35100320",1
5,1011004-ct4,0,English,14,"11100410,11100430,11100420,23100430,23100410",1
6,1011004-ct4,1,Math,2,"11100410,11100430,11100420,23100430,23100410",1
7,1011004-ct4,2,Science,6,"11100410,11100430,11100420,23100430,23100410",1
8,1011005-ct5,0,English,8,"11100520,11100531,11100530,11100510,23100533,23100522,35100530,35100524,35100514",1
9,1011005-ct5,1,Math,2,"11100520,11100531,11100530,11100510,23100533,23100522,35100530,35100524,35100514",1
10,1011005-ct5,2,Science,4,"11100520,11100531,11100530,11100510,23100533,23100522,35100530,35100524,35100514",1
11,1011006-ct6,0,English,5,"11100630,11100611,11100620,23100610,23100630,23100621,23100620,23100612",1
12,1011006-ct6,1,Math,5,"11100630,11100611,11100620,23100610,23100630,23100621,23100620,23100612",1
13,1011006-ct6,2,Science,7,"11100630,11100611,11100620,23100610,23100630,23100621,23100620,23100612",1
14,1011007-ct7,0,English,3,"11100724,11100710,11100730,23100720,23100710,23100730",1
15,1011007-ct7,1,Math,2,"11100724,11100710,11100730,23100720,23100710,23100730",1
16,1011007-ct7,2,Science,7,"11100724,11100710,11100730,23100720,23100710,23100730",1
17,1011008-ct8,0,English,2,"11100824,11100820,11100811,11100830,23100810,23100811,23100831,23100820,23100830,35100810,35100820",1
18,1011008-ct8,1,Math,1,"11100824,11100820,11100811,11100830,23100810,23100811,23100831,23100820,23100830,35100810,35100820",1
19,1011008-ct8,2,Science,2,"11100824,11100820,11100811,11100830,23100810,23100811,23100831,23100820,23100830,35100810,35100820",1
20,1011009-ct9,0,English,11,"11100930,11100921,11100910,23100921,23100910,23100931,35100934,35100914,35100920",1
21,1011009-ct9,1,Math,12,"11100930,11100921,11100910,23100921,23100910,23100931,35100934,35100914,35100920",1
22,1011009-ct9,2,Science,6,"11100930,11100921,11100910,23100921,23100910,23100931,35100934,35100914,35100920",1
23,1011010-ct10,0,English,3,"23101010,23101031",1
24,1011010-ct10,1,Math,4,"23101010,23101031",1
25,1011010-ct10,2,Science,4,"23101010,23101031",1
26,1011011-ct11,0,English,9,"410101114,410101124,410101134,11101132,11101120,23101120,23101131,23101111,23101130",1
27,1011011-ct11,1,Math,7,"410101114,410101124,410101134,11101132,11101120,23101120,23101131,23101111,23101130",1
28,1011011-ct11,2,Science,1,"410101114,410101124,410101134,11101132,11101120,23101120,23101131,23101111,23101130",1
29,1011013-ct13,0,English,1,"23101320,23101330,23101310,35101320",1
30,1011013-ct13,1,Math,4,"23101320,23101330,23101310,35101320",1
31,1011013-ct13,2,Science,3,"23101320,23101330,23101310,35101320",1
32,1011014-ct14,0,English,8,"23101424,23101460",1
33,1011014-ct14,1,Math,5,"23101424,23101460",1
34,1011014-ct14,2,Science,11,"23101424,23101460",1
35,1011016-ct16,0,English,4,"11101621,11101611,11101631,23101611,23101630,23101632",1
36,1011016-ct16,1,Math,4,"11101621,11101611,11101631,23101611,23101630,23101632",1
37,1011016-ct16,2,Science,4,"11101621,11101611,11101631,23101611,23101630,23101632",1
38,1011017-ct17,0,English,3,"11101730,11101710,11101720,23101730,23101710",1
39,1011017-ct17,1,Math,2,"11101730,11101710,11101720,23101730,23101710",1
40,1011017-ct17,2,Science,5,"11101730,11101710,11101720,23101730,23101710",1
41,1011018-ct18,0,English,8,"23101812,23101821",1
42,1011018-ct18,1,Math,11,"23101812,23101821",1
43,1011018-ct18,2,Science,8,"23101812,23101821",1
44,1011019-ct19,0,English,3,"23101922,23101910,23101930,23101931,23101921",1
45,1011019-ct19,1,Math,8,"23101922,23101910,23101930,23101931,23101921",1
46,1011019-ct19,2,Science,3,"23101922,23101910,23101930,23101931,23101921",1
47,1011020-ct20,0,English,5,"11102010,11102020,11102031,23102021,23102020,23102010,23102011,23102030",1
48,1011020-ct20,1,Math,8,"11102010,11102020,11102031,23102021,23102020,23102010,23102011,23102030",1
49,1011020-ct20,2,Science,3,"11102010,11102020,11102031,23102021,23102020,23102010,23102011,23102030",1
50,1011022-ct22,0,English,4,"23102230,23102211,23102220",1
51,1011022-ct22,1,Math,10,"23102230,23102211,23102220",1
52,1011022-ct22,2,Science,7,"23102230,23102211,23102220",1
53,1011024-ct24,0,English,1,"11102430,11102420,11102410,23102430,23102420,23102410",1
54,1011024-ct24,1,Math,7,"11102430,11102420,11102410,23102430,23102420,23102410",1
55,1011024-ct24,2,Science,1,"11102430,11102420,11102410,23102430,23102420,23102410",1
56,1011026-ct26,0,English,1,"410102611,410102631,11102611,11102632,11102620,23102611,23102620",1
57,1011026-ct26,1,Math,1,"410102611,410102631,11102611,11102632,11102620,23102611,23102620",1
58,1011026-ct26,2,Science,1,"410102611,410102631,11102611,11102632,11102620,23102611,23102620",1
59,1011028-ct28,0,English,7,"11102820,11102810,11102830,23102810,23102822,23102830",1
60,1011028-ct28,1,Math,5,"11102820,11102810,11102830,23102810,23102822,23102830",1
61,1011028-ct28,2,Science,4,"11102820,11102810,11102830,23102810,23102822,23102830",1
62,2031002-mz2,0,English,2,"11100232,11100221,23100230,23100210,23100220,35100234",1
63,2031002-mz2,1,Math,7,"11100232,11100221,23100230,23100210,23100220,35100234",1
64,2031002-mz2,2,Science,2,"11100232,11100221,23100230,23100210,23100220,35100234",1
65,2031003-mz3,0,English,2,"23100310,23100312,23100332,35100314,35100334,35100320",1
66,2031003-mz3,1,Math,6,"23100310,23100312,23100332,35100314,35100334,35100320",1
67,2031003-mz3,2,Science,5,"23100310,23100312,23100332,35100314,35100334,35100320",1
68,2031004-mz4,0,English,2,"11100410,11100430,11100420,23100430,23100410",1
69,2031004-mz4,1,Math,1,"11100410,11100430,11100420,23100430,23100410",1
70,2031004-mz4,2,Science,1,"11100410,11100430,11100420,23100430,23100410",1
71,2031005-mz5,0,Math,3,"11100520,11100531,11100530,11100510,23100533,23100522,35100530,35100524,35100514",1
72,2031005-mz5,1,Science,1,"11100520,11100531,11100530,11100510,23100533,23100522,35100530,35100524,35100514",1
73,2031007-mz7,0,English,3,"11100724,11100710,11100730,23100720,23100710,23100730",1
74,2031007-mz7,1,Math,4,"11100724,11100710,11100730,23100720,23100710,23100730",1
75,2031007-mz7,2,Science,3,"11100724,11100710,11100730,23100720,23100710,23100730",1
76,2031008-mz8,0,English,4,"11100824,11100820,11100811,11100830,23100810,23100811,23100831,23100820,23100830,35100810,35100820",1
77,2031008-mz8,1,Math,2,"11100824,11100820,11100811,11100830,23100810,23100811,23100831,23100820,23100830,35100810,35100820",1
78,2031010-mz10,0,English,1,"23101010,23101031",1
79,2031010-mz10,1,Math,1,"23101010,23101031",1
80,2031010-mz10,2,Science,1,"23101010,23101031",1
81,2031012-mz12,0,English,1,"11101220,11101230,23101220,23101210,23101231,23101211,23101221",1
82,2031012-mz12,1,Math,3,"11101220,11101230,23101220,23101210,23101231,23101211,23101221",1
83,2031012-mz12,2,Science,1,"11101220,11101230,23101220,23101210,23101231,23101211,23101221",1
84,2031017-mz17,0,English,6,"11101730,11101710,11101720,23101730,23101710",1
85,2031017-mz17,1,Math,2,"11101730,11101710,11101720,23101730,23101710",1
86,2031017-mz17,2,Science,4,"11101730,11101710,11101720,23101730,23101710",1
87,2031020-mz20,0,English,6,"11102010,11102020,11102031,23102021,23102020,23102010,23102011,23102030",1
88,2031020-mz20,1,Math,6,"11102010,11102020,11102031,23102021,23102020,23102010,23102011,23102030",1
89,2031020-mz20,2,Science,4,"11102010,11102020,11102031,23102021,23102020,23102010,23102011,23102030",1
90,2031021-mz21,0,English,3,"23102131,23102120,23102110",1
91,2031021-mz21,1,Math,2,"23102131,23102120,23102110",1
92,2031021-mz21,2,Science,3,"23102131,23102120,23102110",1
93,2031022-mz22,0,English,1,"23102230,23102211,23102220",1
94,2031022-mz22,1,Math,2,"23102230,23102211,23102220",1
95,2031022-mz22,2,Science,2,"23102230,23102211,23102220",1
96,2031027-mz27,0,English,5,"23102730,23102710,35102714,35102724",1
97,2031027-mz27,1,Math,2,"23102730,23102710,35102714,35102724",1
98,2031027-mz27,2,Science,4,"23102730,23102710,35102714,35102724",1
99,2031028-mz28,0,English,1,"11102820,11102810,11102830,23102810,23102822,23102830",1
100,2031028-mz28,1,Math,1,"11102820,11102810,11102830,23102810,23102822,23102830",1
101,2031028-mz28,2,Science,1,"11102820,11102810,11102830,23102810,23102822,23102830",1
102,2031029-mz29,0,English,9,"11102920,11102910,11102930,23102930,23102910,35102910,35102930,35102920",1
103,2031029-mz29,1,Math,7,"11102920,11102910,11102930,23102930,23102910,35102910,35102930,35102920",1
104,2031029-mz29,2,Science,9,"11102920,11102910,11102930,23102930,23102910,35102910,35102930,35102920",1
105,2031030-mz30,0,English,5,"23103010,23103034,23103060",1
106,2031030-mz30,1,Math,5,"23103010,23103034,23103060",1
107,2031030-mz30,2,Science,3,"23103010,23103034,23103060",1
108,3051001-rj1,0,English,7,"11100112,11100132,35100130,35100120,35100110",1
109,3051001-rj1,1,Math,7,"11100112,11100132,35100130,35100120,35100110",1
110,3051001-rj1,2,Science,9,"11100112,11100132,35100130,35100120,35100110",1
111,3051002-rj2,0,English,4,"11100232,11100221,23100230,23100210,23100220,35100234",1
112,3051002-rj2,1,Math,3,"11100232,11100221,23100230,23100210,23100220,35100234",1
113,3051002-rj2,2,Science,7,"11100232,11100221,23100230,23100210,23100220,35100234",1
114,3051004-rj4,0,English,4,"11100410,11100430,11100420,23100430,23100410",1
115,3051004-rj4,1,Math,5,"11100410,11100430,11100420,23100430,23100410",1
116,3051004-rj4,2,Science,6,"11100410,11100430,11100420,23100430,23100410",1
117,3051005-rj5,0,English,1,"11100520,11100531,11100530,11100510,23100533,23100522,35100530,35100524,35100514",1
118,3051005-rj5,1,Math,1,"11100520,11100531,11100530,11100510,23100533,23100522,35100530,35100524,35100514",1
119,3051005-rj5,2,Science,1,"11100520,11100531,11100530,11100510,23100533,23100522,35100530,35100524,35100514",1
120,3051006-rj6,0,English,4,"11100630,11100611,11100620,23100610,23100630,23100621,23100620,23100612",1
121,3051006-rj6,1,Math,4,"11100630,11100611,11100620,23100610,23100630,23100621,23100620,23100612",1
122,3051006-rj6,2,Science,10,"11100630,11100611,11100620,23100610,23100630,23100621,23100620,23100612",1
123,3051010-rj10,0,English,6,"23101010,23101031",1
124,3051010-rj10,1,Math,6,"23101010,23101031",1
125,3051010-rj10,2,Science,6,"23101010,23101031",1
126,3051011-rj11,0,English,2,"410101114,410101124,410101134,11101132,11101120,23101120,23101131,23101111,23101130",1
127,3051011-rj11,1,Math,2,"410101114,410101124,410101134,11101132,11101120,23101120,23101131,23101111,23101130",1
128,3051011-rj11,2,Science,3,"410101114,410101124,410101134,11101132,11101120,23101120,23101131,23101111,23101130",1
129,3051013-rj13,0,English,3,"23101320,23101330,23101310,35101320",1
130,3051013-rj13,1,Math,3,"23101320,23101330,23101310,35101320",1
131,3051013-rj13,2,Science,4,"23101320,23101330,23101310,35101320",1
132,3051014-rj14,0,English,2,"23101424,23101460",1
133,3051014-rj14,1,Math,2,"23101424,23101460",1
134,3051014-rj14,2,Science,1,"23101424,23101460",1
135,3051015-rj15,0,English,4,"11101530,23101520,23101531",1
136,3051015-rj15,1,Math,4,"11101530,23101520,23101531",1
137,3051015-rj15,2,Science,4,"11101530,23101520,23101531",1
138,3051018-rj18,0,English,5,"23101812,23101821",1
139,3051018-rj18,1,Math,5,"23101812,23101821",1
140,3051018-rj18,2,Science,4,"23101812,23101821",1
141,3051019-rj19,0,English,1,"23101922,23101910,23101930,23101931,23101921",1
142,3051019-rj19,1,Math,1,"23101922,23101910,23101930,23101931,23101921",1
143,3051019-rj19,2,Science,1,"23101922,23101910,23101930,23101931,23101921",1
144,3051022-rj22,0,English,4,"23102230,23102211,23102220",1
145,3051022-rj22,1,Math,3,"23102230,23102211,23102220",1
146,3051022-rj22,2,Science,4,"23102230,23102211,23102220",1
147,3051023-rj23,0,English,2,"11102320,11102310,11102330,23102331,23102333,23102320,23102311,23102321,23102312",1
148,3051023-rj23,1,Math,2,"11102320,11102310,11102330,23102331,23102333,23102320,23102311,23102321,23102312",1
149,3051023-rj23,2,Science,3,"11102320,11102310,11102330,23102331,23102333,23102320,23102311,23102321,23102312",1
150,3051024-rj24,0,English,2,"11102430,11102420,11102410,23102430,23102420,23102410",1
151,3051024-rj24,1,Math,3,"11102430,11102420,11102410,23102430,23102420,23102410",1
152,3051025-rj25,0,English,5,"11102510,11102522,11102534,23102511,23102531,35102534,35102510,35102520",1
153,3051025-rj25,1,Math,5,"11102510,11102522,11102534,23102511,23102531,35102534,35102510,35102520",1
154,3051025-rj25,2,Science,5,"11102510,11102522,11102534,23102511,23102531,35102534,35102510,35102520",1
155,3051026-rj26,0,English,8,"410102611,410102631,11102611,11102632,11102620,23102611,23102620",1
156,3051026-rj26,1,Math,7,"410102611,410102631,11102611,11102632,11102620,23102611,23102620",1
157,3051026-rj26,2,Science,10,"410102611,410102631,11102611,11102632,11102620,23102611,23102620",1
158,3051027-rj27,0,English,3,"23102730,23102710,35102714,35102724",1
159,3051027-rj27,1,Math,3,"23102730,23102710,35102714,35102724",1
160,3051027-rj27,2,Science,4,"23102730,23102710,35102714,35102724",1
161,3051028-rj28,0,English,1,"11102820,11102810,11102830,23102810,23102822,23102830",1
162,3051028-rj28,1,Math,2,"11102820,11102810,11102830,23102810,23102822,23102830",1
163,3051028-rj28,2,Science,2,"11102820,11102810,11102830,23102810,23102822,23102830",1
164,3051030-rj30,0,English,3,"23103010,23103034,23103060",1
165,3051030-rj30,1,Math,5,"23103010,23103034,23103060",1
166,3051030-rj30,2,Science,6,"23103010,23103034,23103060",1
167,3051031-rj31,0,English,6,"410103110,410103131",1
168,3051031-rj31,1,Math,4,"410103110,410103131",1
169,3051031-rj31,2,Science,8,"410103110,410103131",1
170,3051032-rj32,0,English,7,"410103210,410103220,410103231",1
171,3051032-rj32,1,Math,11,"410103210,410103220,410103231",1
172,3051032-rj32,2,Science,13,"410103210,410103220,410103231",1
173,3051033-rj33,0,English,6,"35103330,35103314,35103324",1
174,3051033-rj33,1,Math,7,"35103330,35103314,35103324",1
175,3051033-rj33,2,Science,6,"35103330,35103314,35103324",1
176,3051036-rj36,0,English,1,35103610,1
177,3051036-rj36,1,Math,2,35103610,1
178,3051036-rj36,2,Science,6,35103610,1
179,3051040-rj40,0,English,1,"35104014,35104020",1
180,3051040-rj40,1,Math,1,"35104014,35104020",1
181,3051040-rj40,2,Science,1,"35104014,35104020",1
182,3051041-rj41,0,English,4,,1
183,3051041-rj41,1,Math,1,,1
184,3051041-rj41,2,Science,3,,1
185,3051044-rj44,0,English,1,"35104410,35104430",1
186,3051044-rj44,1,Math,2,"35104410,35104430",1
187,3051044-rj44,2,Science,2,"35104410,35104430",1
188,3051045-rj45,0,English,2,,1
189,3051045-rj45,1,Math,2,,1
190,3051045-rj45,2,Science,2,,1
191,3051047-rj47,0,English,5,,1
192,3051047-rj47,1,Math,3,,1
193,3051047-rj47,2,Science,2,,1
194,3051049-rj49,0,English,5,,1
195,3051049-rj49,1,Math,6,,1
196,3051049-rj49,2,Science,7,,1
197,3072002-rj52,0,English,8,,1
198,3072002-rj52,1,Math,5,,1
199,3072002-rj52,2,Science,10,,1
200,3072003-rj53,0,English,1,37200330,1
201,3072003-rj53,1,Math,2,37200330,1
202,3072003-rj53,2,Science,8,37200330,1
203,3072006-rj56,0,English,1,,1
204,3072006-rj56,1,Math,3,,1
205,3072006-rj56,2,Science,4,,1
206,3072008-rj58,0,English,2,,1
207,3072008-rj58,1,Math,2,,1
208,3072008-rj58,2,Science,7,,1
209,3072012-rj62,0,English,4,"48201215,48201224,37201214,37201230",1
210,3072012-rj62,1,Math,2,"48201215,48201224,37201214,37201230",1
211,3072012-rj62,2,Science,7,"48201215,48201224,37201214,37201230",1
212,3072013-rj63,0,English,3,,1
213,3072013-rj63,1,Math,1,,1
214,3072013-rj63,2,Science,2,,1
215,3072014-rj64,0,English,1,,1
216,3072014-rj64,1,Math,1,,1
217,3072014-rj64,2,Science,3,,1
218,3072015-rj65,0,English,4,,1
219,3072015-rj65,1,Math,3,,1
220,3072015-rj65,2,Science,5,,1
221,3072016-rj66,0,English,1,"48201614,48201625,48201630",1
222,3072016-rj66,1,Math,2,"48201614,48201625,48201630",1
223,3072016-rj66,2,Science,4,"48201614,48201625,48201630",1
224,3072018-rj68,0,English,3,,1
225,3072018-rj68,1,Math,4,,1
226,3072018-rj68,2,Science,2,,1
227,3072019-rj69,0,English,1,"37201920,37201914",1
228,3072019-rj69,1,Math,2,"37201920,37201914",1
229,3072019-rj69,2,Science,2,"37201920,37201914",1
230,3072022-rj72,0,English,2,37202231,1
231,3072022-rj72,1,Math,2,37202231,1
232,3072022-rj72,2,Science,3,37202231,1
233,3072023-rj73,0,English,9,"37202320,37202330,37202311",1
234,3072023-rj73,1,Math,9,"37202320,37202330,37202311",1
235,3072023-rj73,2,Science,12,"37202320,37202330,37202311",1
236,3072024-rj74,0,English,6,"48202414,48202420,48202434,37202430,37202411",1
237,3072024-rj74,1,Math,7,"48202414,48202420,48202434,37202430,37202411",1
238,3072024-rj74,2,Science,5,"48202414,48202420,48202434,37202430,37202411",1
239,3072025-rj75,0,English,5,"48202514,48202520,48202534",1
240,3072025-rj75,1,Math,5,"48202514,48202520,48202534",1
241,3072025-rj75,2,Science,7,"48202514,48202520,48202534",1
242,3072026-rj76,0,English,5,"37202621,37202630,37202611",1
243,3072026-rj76,1,Math,12,"37202621,37202630,37202611",1
244,3072026-rj76,2,Science,8,"37202621,37202630,37202611",1
245,3072027-rj77,0,English,2,"37202724,37202730,37202722",1
246,3072027-rj77,1,Math,3,"37202724,37202730,37202722",1
247,3072027-rj77,2,Science,4,"37202724,37202730,37202722",1
248,3072028-rj78,0,English,3,,1
249,3072028-rj78,1,Math,6,,1
250,3072028-rj78,2,Science,7,,1
251,3072029-rj79,0,English,3,"37202934,37202911,37202920",1
252,3072029-rj79,1,Math,3,"37202934,37202911,37202920",1
253,3072029-rj79,2,Science,3,"37202934,37202911,37202920",1
254,3072030-rj80,0,English,6,"37203034,37203011,37203024",1
255,3072030-rj80,1,Math,6,"37203034,37203011,37203024",1
256,3072030-rj80,2,Science,10,"37203034,37203011,37203024",1
257,3072031-rj81,0,English,5,"37203134,37203114,37203120",1
258,3072031-rj81,1,Math,2,"37203134,37203114,37203120",1
259,3072031-rj81,2,Science,8,"37203134,37203114,37203120",1
260,3072032-rj82,0,English,7,37203231,1
261,3072032-rj82,1,Math,7,37203231,1
262,3072032-rj82,2,Science,9,37203231,1
263,3072033-rj83,0,English,3,"37203310,37203331",1
264,3072033-rj83,1,Math,3,"37203310,37203331",1
265,3072033-rj83,2,Science,3,"37203310,37203331",1
266,3072034-rj84,0,English,4,,1
267,3072034-rj84,1,Math,2,,1
268,3072034-rj84,2,Science,2,,1
269,3072035-rj85,0,English,1,"48203514,48203524,48203534",1
270,3072035-rj85,1,Math,2,"48203514,48203524,48203534",1
271,3072035-rj85,2,Science,2,"48203514,48203524,48203534",1
272,3072036-rj86,0,English,4,"37203634,37203624",1
273,3072036-rj86,1,Math,5,"37203634,37203624",1
274,3072036-rj86,2,Science,6,"37203634,37203624",1
275,3072040-rj90,0,Math,1,"48204014,48204024,48204034,37204020,37204034",1
276,3072040-rj90,1,Science,2,"48204014,48204024,48204034,37204020,37204034",1
277,3072041-rj91,0,English,3,,1
278,3072041-rj91,1,Math,5,,1
279,3072041-rj91,2,Science,4,,1
280,3072042-rj92,0,English,6,,1
281,3072042-rj92,1,Math,5,,1
282,3072042-rj92,2,Science,7,,1
283,3072043-rj93,0,English,2,,1
284,3072043-rj93,1,Math,4,,1
285,3072043-rj93,2,Science,5,,1
286,3072044-rj94,0,English,4,,1
287,3072044-rj94,1,Math,5,,1
288,3072044-rj94,2,Science,5,,1
289,3072046-rj96,0,English,4,"37204630,37204620",1
290,3072046-rj96,1,Math,4,"37204630,37204620",1
291,3072046-rj96,2,Science,5,"37204630,37204620",1
292,3072047-rj97,0,English,4,"37204731,37204720",1
293,3072047-rj97,1,Math,1,"37204731,37204720",1
294,3072047-rj97,2,Science,2,"37204731,37204720",1
295,3072048-rj98,0,English,2,37204814,1
296,3072048-rj98,1,Math,2,37204814,1
297,3072048-rj98,2,Science,3,37204814,1
298,3072049-rj99,0,English,5,,1
299,3072049-rj99,1,Math,2,,1
300,3072049-rj99,2,Science,5,,1
301,3072050-rj100,0,English,3,37205024,1
302,3072050-rj100,1,Math,4,37205024,1
303,3072050-rj100,2,Science,7,37205024,1
304,4112043-tg243,0,English,3,,1
305,4112043-tg243,1,Math,2,,1
306,4112043-tg243,2,Science,2,,1
307,4112062-tg262,0,English,1,"410206211,48206224,48206234",1
308,4112062-tg262,1,Math,1,"410206211,48206224,48206234",1
309,4112062-tg262,2,Science,1,"410206211,48206224,48206234",1
310,4112085-tg285,0,English,4,,1
311,4112085-tg285,1,Math,4,,1
312,4112085-tg285,2,Science,3,,1
313,4141008-tg108,0,English,9,"11100824,11100820,11100811,11100830,23100810,23100811,23100831,23100820,23100830,35100810,35100820",1
314,4141008-tg108,1,Math,6,"11100824,11100820,11100811,11100830,23100810,23100811,23100831,23100820,23100830,35100810,35100820",1
315,4141008-tg108,2,Science,6,"11100824,11100820,11100811,11100830,23100810,23100811,23100831,23100820,23100830,35100810,35100820",1
316,4141009-tg109,0,English,2,"11100930,11100921,11100910,23100921,23100910,23100931,35100934,35100914,35100920",1
317,4141009-tg109,1,Math,4,"11100930,11100921,11100910,23100921,23100910,23100931,35100934,35100914,35100920",1
318,4141009-tg109,2,Science,3,"11100930,11100921,11100910,23100921,23100910,23100931,35100934,35100914,35100920",1
319,4141012-tg112,0,English,1,"11101220,11101230,23101220,23101210,23101231,23101211,23101221",1
320,4141012-tg112,1,Math,1,"11101220,11101230,23101220,23101210,23101231,23101211,23101221",1
321,4141012-tg112,2,Science,1,"11101220,11101230,23101220,23101210,23101231,23101211,23101221",1
322,4141035-tg135,0,English,1,"410103521,410103530,35103511,35103524",1
323,4141035-tg135,1,Math,1,"410103521,410103530,35103511,35103524",1
324,4141035-tg135,2,Science,1,"410103521,410103530,35103511,35103524",1
325,4141038-tg138,0,English,2,,1
326,4141038-tg138,1,Math,1,,1
327,4141038-tg138,2,Science,1,,1
328,4141045-tg145,0,English,1,,1
329,4141045-tg145,1,Math,4,,1
330,4141045-tg145,2,Science,5,,1
331,4141090-tg190,0,English,1,"410109015,410109025,410109034",1
332,4141090-tg190,1,Math,1,"410109015,410109025,410109034",1
333,4141090-tg190,2,Science,1,"410109015,410109025,410109034",1
334,4152002-tg202,0,English,5,,1
335,4152002-tg202,1,Math,5,,1
336,4152002-tg202,2,Science,6,,1
337,4152012-tg212,0,English,4,"48201215,48201224,37201214,37201230",1
338,4152012-tg212,1,Math,4,"48201215,48201224,37201214,37201230",1
339,4152012-tg212,2,Science,4,"48201215,48201224,37201214,37201230",1
340,4152013-tg213,0,English,6,,1
341,4152013-tg213,1,Math,6,,1
342,4152013-tg213,2,Science,7,,1
343,4152015-tg215,0,English,1,,1
344,4152015-tg215,1,Math,1,,1
345,4152015-tg215,2,Science,1,,1
346,4152017-tg217,0,English,2,,1
347,4152017-tg217,1,Math,2,,1
348,4152017-tg217,2,Science,3,,1
349,4152023-tg223,0,English,2,"37202320,37202330,37202311",1
350,4152023-tg223,1,Math,1,"37202320,37202330,37202311",1
351,4152023-tg223,2,Science,2,"37202320,37202330,37202311",1
352,4152030-tg230,0,English,2,"37203034,37203011,37203024",1
353,4152030-tg230,1,Math,2,"37203034,37203011,37203024",1
354,4152030-tg230,2,Science,2,"37203034,37203011,37203024",1
355,4152031-tg231,0,English,11,"37203134,37203114,37203120",1
356,4152031-tg231,1,Math,11,"37203134,37203114,37203120",1
357,4152031-tg231,2,Science,11,"37203134,37203114,37203120",1
358,4152033-tg233,0,English,1,"37203310,37203331",1
359,4152033-tg233,1,Math,1,"37203310,37203331",1
360,4152033-tg233,2,Science,1,"37203310,37203331",1
361,4152035-tg235,0,English,3,"48203514,48203524,48203534",1
362,4152035-tg235,1,Math,3,"48203514,48203524,48203534",1
363,4152035-tg235,2,Science,3,"48203514,48203524,48203534",1
364,4152038-tg238,0,English,1,"48203811,48203820,48203830,37203824",1
365,4152038-tg238,1,Math,1,"48203811,48203820,48203830,37203824",1
366,4152038-tg238,2,Science,1,"48203811,48203820,48203830,37203824",1
367,4152041-tg241,0,English,4,,1
368,4152041-tg241,1,Math,2,,1
369,4152041-tg241,2,Science,3,,1
370,4152049-tg249,0,English,1,,1
371,4152049-tg249,1,Math,2,,1
372,4152049-tg249,2,Science,3,,1
373,4152072-tg272,0,English,4,,1
374,4152072-tg272,1,Math,5,,1
375,4152072-tg272,2,Science,5,,1
376,4152091-tg291,0,English,1,,1
377,4152091-tg291,1,Math,1,,1
378,4152091-tg291,2,Science,1,,1
379,4152092-tg292,0,English,2,,1
380,4152092-tg292,1,Math,3,,1
381,4152092-tg292,2,Science,1,,1
382,4173027-tg27,0,English,1,"49302710,49302730",1
383,4173027-tg27,1,Math,1,"49302710,49302730",1
384,4173027-tg27,2,Science,1,"49302710,49302730",1
385,4173074-tg74,0,English,5,,1
386,4173074-tg74,1,Math,2,,1
387,4173074-tg74,2,Science,1,,1
388,4173075-tg75,0,English,4,,1
389,4173075-tg75,1,Math,3,,1
390,4173075-tg75,2,Science,8,,1
391,4173080-tg80,0,English,1,,1
392,4173080-tg80,1,Math,1,,1
393,4173080-tg80,2,Science,1,,1
394,4183016-tg16,0,English,1,"49301610,49301624,49301630",1
395,4183016-tg16,1,Math,1,"49301610,49301624,49301630",1
396,4183016-tg16,2,Science,1,"49301610,49301624,49301630",1
397,4183023-tg23,0,Math,1,"49302310,49302324,49302334",1
398,4183023-tg23,1,Science,1,"49302310,49302324,49302334",1
399,4183032-tg32,0,English,1,49303234,1
400,4183032-tg32,1,Math,1,49303234,1
401,4183032-tg32,2,Science,1,49303234,1
402,4183052-tg52,0,English,1,,1
403,4183052-tg52,1,Math,1,,1
404,4183052-tg52,2,Science,1,,1
405,4183068-tg68,0,Math,1,,1
406,4192099-tg299,0,English,4,,1
407,4192099-tg299,1,Math,1,,1
408,4192099-tg299,2,Science,2,,1
409,4202003-tg203,0,English,1,37200330,1
410,4202003-tg203,1,Math,1,37200330,1
411,4202003-tg203,2,Science,2,37200330,1
412,4202004-tg204,0,English,5,,1
413,4202004-tg204,1,Math,4,,1
414,4202004-tg204,2,Science,5,,1
415,4202010-tg210,0,English,10,,1
416,4202010-tg210,1,Math,6,,1
417,4202010-tg210,2,Science,8,,1
418,4202032-tg232,0,English,5,37203231,1
419,4202032-tg232,1,Math,5,37203231,1
420,4202032-tg232,2,Science,4,37203231,1
421,4202034-tg234,0,English,14,,1
422,4202034-tg234,1,Math,10,,1
423,4202034-tg234,2,Science,13,,1
424,4202059-tg259,0,English,7,,1
425,4202059-tg259,1,Math,3,,1
426,4202059-tg259,2,Science,5,,1
427,4202074-tg274,0,English,3,,1
428,4202074-tg274,1,Math,3,,1
429,4202074-tg274,2,Science,3,,1
430,4202083-tg283,0,English,14,"48208310,48208321,48208334",1
431,4202083-tg283,1,Math,10,"48208310,48208321,48208334",1
432,4202083-tg283,2,Science,15,"48208310,48208321,48208334",1
433,4213045-tg45,0,English,2,,1
434,4213045-tg45,1,Math,2,,1
435,4213045-tg45,2,Science,2,,1
436,4221018-tg118,0,English,3,"23101812,23101821",1
437,4221018-tg118,1,Math,1,"23101812,23101821",1
438,4221018-tg118,2,Science,2,"23101812,23101821",1
439,4221026-tg126,0,English,3,"410102611,410102631,11102611,11102632,11102620,23102611,23102620",1
440,4221026-tg126,1,Math,2,"410102611,410102631,11102611,11102632,11102620,23102611,23102620",1
441,4221026-tg126,2,Science,3,"410102611,410102631,11102611,11102632,11102620,23102611,23102620",1
442,4221034-tg134,0,English,1,"35103434,35103420,35103414",1
443,4221034-tg134,1,Math,1,"35103434,35103420,35103414",1
444,4221034-tg134,2,Science,1,"35103434,35103420,35103414",1
445,4221040-tg140,0,English,7,"35104014,35104020",1
446,4221040-tg140,1,Math,9,"35104014,35104020",1
447,4221040-tg140,2,Science,8,"35104014,35104020",1
448,4221067-tg167,0,English,3,,1
449,4221067-tg167,1,Math,3,,1
450,4221067-tg167,2,Science,3,,1
451,4221068-tg168,0,English,1,410106811,1
452,4221068-tg168,1,Math,1,410106811,1
453,4221068-tg168,2,Science,1,410106811,1
454,4221074-tg174,0,English,2,,1
455,4221074-tg174,1,Math,2,,1
456,4221074-tg174,2,Science,2,,1
457,4221094-tg194,0,English,1,"410109410,410109421,410109430",1
458,4221094-tg194,1,Math,1,"410109410,410109421,410109430",1
459,4221094-tg194,2,Science,1,"410109410,410109421,410109430",1
460,4221095-tg195,0,English,1,,1
461,4221095-tg195,1,Math,1,,1
462,4221095-tg195,2,Science,1,,1
463,4231023-tg123,0,English,6,"11102320,11102310,11102330,23102331,23102333,23102320,23102311,23102321,23102312",1
464,4231023-tg123,1,Math,2,"11102320,11102310,11102330,23102331,23102333,23102320,23102311,23102321,23102312",1
465,4231023-tg123,2,Science,4,"11102320,11102310,11102330,23102331,23102333,23102320,23102311,23102321,23102312",1
466,4231027-tg127,0,English,1,"23102730,23102710,35102714,35102724",1
467,4231027-tg127,1,Math,1,"23102730,23102710,35102714,35102724",1
468,4231027-tg127,2,Science,1,"23102730,23102710,35102714,35102724",1
469,4231029-tg129,0,English,5,"11102920,11102910,11102930,23102930,23102910,35102910,35102930,35102920",1
470,4231029-tg129,1,Math,6,"11102920,11102910,11102930,23102930,23102910,35102910,35102930,35102920",1
471,4231029-tg129,2,Science,7,"11102920,11102910,11102930,23102930,23102910,35102910,35102930,35102920",1
472,4231036-tg136,0,English,16,35103610,1
473,4231036-tg136,1,Math,18,35103610,1
474,4231036-tg136,2,Science,13,35103610,1
475,4231043-tg143,0,English,1,,1
476,4231043-tg143,1,Math,2,,1
477,4231043-tg143,2,Science,2,,1
478,4231046-tg146,0,English,7,35104624,1
479,4231046-tg146,1,Math,4,35104624,1
480,4231046-tg146,2,Science,6,35104624,1
481,4231047-tg147,0,English,1,,1
482,4231047-tg147,1,Math,1,,1
483,4231047-tg147,2,Science,1,,1
484,4231050-tg150,0,English,1,,1
485,4231050-tg150,1,Math,1,,1
486,4231050-tg150,2,Science,1,,1
487,4231051-tg151,0,English,2,,1
488,4231051-tg151,1,Math,2,,1
489,4231051-tg151,2,Science,2,,1
490,4231057-tg157,0,English,1,,1
491,4231057-tg157,1,Math,1,,1
492,4231057-tg157,2,Science,1,,1
493,4231058-tg158,0,English,1,410105824,1
494,4231058-tg158,1,Math,1,410105824,1
495,4231058-tg158,2,Science,1,410105824,1
496,4231078-tg178,0,Math,1,,1
497,4231084-tg184,0,English,5,,1
498,4231084-tg184,1,Math,4,,1
499,4231084-tg184,2,Science,11,,1
